,train_ind,train_acc,train_f1,train_fpr,train_fnr,train_fpr_all,train_fpr_mean,train_fpr_diff,train_fnr_all,train_fnr_mean,train_fnr_diff,test_ind,test_acc,test_f1,test_fpr,test_fnr,test_fpr_all,test_fpr_mean,test_fpr_diff,test_fnr_all,test_fnr_mean,test_fnr_diff
0,0.1238,0.9840,0.9836,0.0170,0.0151,"[0.04909560723514212, 0.08146067415730338, 0.0, 0.6666666666666666, 0.022222222222222223, 0.0], mean FPR",0.13657419504688906,0.1309208843267986,"[0.0915805022156573, 0.08592057761732852, 0.11764705882352941, 0.02631578947368421, 0.012224938875305624, 0.03333333333333333, 0.10810810810810811, 0.125], mean FNR",0.07501628855586831,0.06064683289649177,0.1505,0.9186,0.9159,0.0802,0.0827,"[0.11180124223602485, 0.20279720279720279, 0.0, 0.5, 1.0, 0.04, 0.14285714285714285], mean FPR",0.28535079827005294,0.2395358695588424,"[0.14333333333333334, 0.1169284467713787, 0.125, 0.0, 0.0, 0.05128205128205128, 0.35714285714285715, 0.125], mean FNR",0.11483583606620255,0.08134551686159765
1,0.1276,0.9835,0.9831,0.0142,0.0189,"[0.03875968992248062, 0.0702247191011236, 0.0, 0.6666666666666666, 0.022222222222222223, 0.0], mean FPR",0.13297888298541552,0.12824423525733977,"[0.10930576070901034, 0.09747292418772563, 0.11764705882352941, 0.039473684210526314, 0.02689486552567237, 0.041666666666666664, 0.10810810810810811, 0.125], mean FNR",0.08319613352890486,0.06434076529465463,0.1530,0.9193,0.9157,0.0685,0.0937,"[0.09316770186335403, 0.17482517482517482, 0.0, 0.5, 1.0, 0.04, 0.07142857142857142], mean FPR",0.2684887783024429,0.22770599943747222,"[0.16333333333333333, 0.13263525305410123, 0.125, 0.0, 0.0064516129032258064, 0.07692307692307693, 0.35714285714285715, 0.125], mean FNR",0.1233107666695743,0.07905003508165379
2,0.1235,0.9840,0.9835,0.0136,0.0186,"[0.041343669250646, 0.06460674157303371, 0.0, 0.6666666666666666, 0.022222222222222223, 0.0], mean FPR",0.13247321661876144,0.1279505680426891,"[0.10487444608567208, 0.09530685920577617, 0.11764705882352941, 0.039473684210526314, 0.012224938875305624, 0.03333333333333333, 0.10810810810810811, 0.125], mean FNR",0.07949605358028138,0.062464663581951865,0.1456,0.9193,0.9156,0.0680,0.0942,"[0.09937888198757763, 0.17482517482517482, 0.0, 0.5, 1.0, 0.04, 0.07142857142857142], mean FPR",0.26937608974876054,0.2288029837940499,"[0.15333333333333332, 0.1343804537521815, 0.125, 0.0, 0.0, 0.05128205128205128, 0.35714285714285715, 0.125], mean FNR",0.1182673369388029,0.08189894342755225
3,0.1221,0.9811,0.9805,0.0093,0.0288,"[0.028423772609819122, 0.042134831460674156, 0.0, 0.6666666666666666, 0.022222222222222223, 0.0], mean FPR",0.12657458215989703,0.12346526126384727,"[0.10782865583456426, 0.10324909747292418, 0.17647058823529413, 0.013157894736842105, 0.0024449877750611247, 0.03333333333333333, 0.10810810810810811, 0.125], mean FNR",0.08369908318701591,0.06537955155637817,0.1357,0.9161,0.9118,0.0670,0.1020,"[0.08074534161490683, 0.14685314685314685, 0.0, 0.5, 1.0, 0.04, 0.0], mean FPR",0.25251406978115054,0.23151043545070604,"[0.15, 0.13787085514834205, 0.125, 0.0, 0.0, 0.05128205128205128, 0.2857142857142857, 0.125], mean FNR",0.10935839901808488,0.0710276821159394
4,0.1221,0.9788,0.9780,0.0102,0.0328,"[0.03617571059431524, 0.05337078651685393, 0.0, 0.6666666666666666, 0.022222222222222223, 0.0], mean FPR",0.12973923100000967,0.1263472445679554,"[0.10635155096011817, 0.10613718411552346, 0.17647058823529413, 0.013157894736842105, 0.0024449877750611247, 0.03333333333333333, 0.10810810810810811, 0.125], mean FNR",0.08387545590803505,0.06355947352318259,0.1291,0.9135,0.9092,0.0700,0.1041,"[0.08074534161490683, 0.15384615384615385, 0.16666666666666666, 0.5, 1.0, 0.08, 0.07142857142857142], mean FPR",0.29324096193661414,0.22328010087986264,"[0.14, 0.13089005235602094, 0.125, 0.0, 0.0, 0.05128205128205128, 0.2857142857142857, 0.125], mean FNR",0.10723579866904473,0.06838179552932731
5,0.1200,0.9810,0.9805,0.0159,0.0222,"[0.041343669250646, 0.06741573033707865, 0.0, 0.6666666666666666, 0.022222222222222223, 0.0], mean FPR",0.13294138141276893,0.1276414026126841,"[0.08862629246676514, 0.08736462093862817, 0.14705882352941177, 0.013157894736842105, 0.0024449877750611247, 0.025, 0.10810810810810811, 0.125], mean FNR",0.07459509094435204,0.05960297723740553,0.1332,0.9158,0.9125,0.0778,0.0911,"[0.10559006211180125, 0.18181818181818182, 0.16666666666666666, 0.5, 1.0, 0.08, 0.35714285714285715], mean FPR",0.34160253824850095,0.2638138885420431,"[0.13, 0.1169284467713787, 0.125, 0.0, 0.0, 0.05128205128205128, 0.2857142857142857, 0.125], mean FNR",0.10424059797096447,0.06865713381607173
6,0.1200,0.9828,0.9824,0.0161,0.0184,"[0.04909560723514212, 0.07584269662921349, 0.0, 0.6666666666666666, 0.022222222222222223, 0.0], mean FPR",0.13563786545887407,0.13026722027478813,"[0.0827178729689808, 0.0815884476534296, 0.11764705882352941, 0.0, 0.0024449877750611247, 0.025, 0.10810810810810811, 0.125], mean FNR",0.06781330941613863,0.05799620621682766,0.1365,0.9161,0.9131,0.0812,0.0869,"[0.11180124223602485, 0.1958041958041958, 0.16666666666666666, 0.5, 1.0, 0.08, 0.35714285714285715], mean FPR",0.34448785169282065,0.263621203663746,"[0.13, 0.11518324607329843, 0.125, 0.0, 0.0, 0.05128205128205128, 0.2857142857142857, 0.125], mean FNR",0.10402244788370443,0.0694855562039556
7,0.1200,0.9822,0.9818,0.0191,0.0164,"[0.05167958656330749, 0.08707865168539326, 0.0, 0.6666666666666666, 0.022222222222222223, 0.0], mean FPR",0.13794118785626494,0.13158121329616318,"[0.07533234859675036, 0.07292418772563176, 0.11764705882352941, 0.0, 0.0024449877750611247, 0.025, 0.10810810810810811, 0.125], mean FNR",0.0658070863786351,0.05698820855643149,0.1340,0.9155,0.9130,0.0856,0.0832,"[0.12422360248447205, 0.1958041958041958, 0.16666666666666666, 0.5, 1.0, 0.08, 0.35714285714285715], mean FPR",0.346262474585456,0.2622507329024814,"[0.11, 0.10296684118673648, 0.125, 0.0, 0.0, 0.05128205128205128, 0.2857142857142857, 0.125], mean FNR",0.09999539727288417,0.06637425650888627
8,0.1180,0.9816,0.9811,0.0172,0.0197,"[0.041343669250646, 0.0702247191011236, 0.0, 0.6666666666666666, 0.022222222222222223, 0.0], mean FPR",0.13340954620677642,0.12768556910268483,"[0.08124076809453472, 0.08086642599277978, 0.11764705882352941, 0.0, 0.0024449877750611247, 0.025, 0.10810810810810811, 0.125], mean FNR",0.06753841859925164,0.05705583181520242,0.1349,0.9135,0.9105,0.0832,0.0900,"[0.11180124223602485, 0.1888111888111888, 0.16666666666666666, 0.5, 1.0, 0.08, 0.35714285714285715], mean FPR",0.3434888506938196,0.26122438326301173,"[0.12333333333333334, 0.11343804537521815, 0.125, 0.0, 0.0, 0.05128205128205128, 0.2857142857142857, 0.125], mean FNR",0.10297096446311105,0.06764914342700432
9,0.1197,0.9781,0.9774,0.0144,0.0297,"[0.03359173126614987, 0.056179775280898875, 0.0, 0.6666666666666666, 0.022222222222222223, 0.0], mean FPR",0.12977673257265626,0.1249714184605794,"[0.10044313146233383, 0.10397111913357401, 0.17647058823529413, 0.013157894736842105, 0.0024449877750611247, 0.03333333333333333, 0.10810810810810811, 0.125], mean FNR",0.08286614534806833,0.06410295799427176,0.1299,0.9118,0.9078,0.0763,0.1010,"[0.08695652173913043, 0.15384615384615385, 0.16666666666666666, 0.5, 1.0, 0.08, 0.14285714285714285], mean FPR",0.30433235501558487,0.22801141568094682,"[0.13, 0.1273996509598604, 0.125, 0.0, 0.0, 0.05128205128205128, 0.2857142857142857, 0.125], mean FNR",0.10554949849452466,0.06748042471116517
10,0.1190,0.9765,0.9757,0.0151,0.0324,"[0.03359173126614987, 0.05337078651685393, 0.0, 0.6666666666666666, 0.022222222222222223, 0.0], mean FPR",0.12930856777864877,0.1242912545145685,"[0.1019202363367799, 0.10469314079422383, 0.17647058823529413, 0.013157894736842105, 0.0024449877750611247, 0.041666666666666664, 0.10810810810810811, 0.125], mean FNR",0.08418270283162199,0.06408854830834892,0.1308,0.9113,0.9071,0.0753,0.1031,"[0.08074534161490683, 0.15384615384615385, 0.16666666666666666, 0.5, 1.0, 0.08, 0.14285714285714285], mean FPR",0.3034450435692672,0.22810257781584253,"[0.13333333333333333, 0.13089005235602094, 0.125, 0.0, 0.0, 0.05128205128205128, 0.2857142857142857, 0.125], mean FNR",0.1064024653357114,0.06781010531477996
11,0.1197,0.9782,0.9776,0.0151,0.0288,"[0.03359173126614987, 0.056179775280898875, 0.0, 0.6666666666666666, 0.022222222222222223, 0.0], mean FPR",0.12977673257265626,0.124759419308576,"[0.09453471196454949, 0.09675090252707581, 0.17647058823529413, 0.013157894736842105, 0.0024449877750611247, 0.03333333333333333, 0.10810810810810811, 0.125], mean FNR",0.08122506583503301,0.06290553420439526,0.1283,0.9120,0.9080,0.0758,0.1010,"[0.08695652173913043, 0.15384615384615385, 0.16666666666666666, 0.5, 1.0, 0.08, 0.14285714285714285], mean FPR",0.30433235501558487,0.22850065247155354,"[0.13333333333333333, 0.13089005235602094, 0.125, 0.0, 0.0, 0.05128205128205128, 0.2857142857142857, 0.125], mean FNR",0.1064024653357114,0.06833339155235191
12,0.1204,0.9795,0.9789,0.0153,0.0260,"[0.031007751937984496, 0.05337078651685393, 0.0, 0.6666666666666666, 0.022222222222222223, 0.0], mean FPR",0.1288779045572879,0.12378992490920647,"[0.09453471196454949, 0.09097472924187726, 0.17647058823529413, 0.013157894736842105, 0.0024449877750611247, 0.03333333333333333, 0.10810810810810811, 0.125], mean FNR",0.0805030441743832,0.06362539364401165,0.1291,0.9133,0.9095,0.0758,0.0984,"[0.08695652173913043, 0.15384615384615385, 0.16666666666666666, 0.5, 1.0, 0.08, 0.14285714285714285], mean FPR",0.30433235501558487,0.22850065247155354,"[0.13333333333333333, 0.12390924956369982, 0.125, 0.0, 0.0, 0.05128205128205128, 0.2857142857142857, 0.125], mean FNR",0.10552986498667127,0.0681148990002767
13,0.1190,0.9801,0.9795,0.0159,0.0242,"[0.03359173126614987, 0.05337078651685393, 0.0, 0.6666666666666666, 0.022222222222222223, 0.0], mean FPR",0.12930856777864877,0.12400858897856398,"[0.0930576070901034, 0.09025270758122744, 0.17647058823529413, 0.013157894736842105, 0.0024449877750611247, 0.03333333333333333, 0.10810810810810811, 0.125], mean FNR",0.08022815335749621,0.06423781427344231,0.1291,0.9135,0.9099,0.0768,0.0968,"[0.09316770186335403, 0.16083916083916083, 0.16666666666666666, 0.5, 1.0, 0.08, 0.14285714285714285], mean FPR",0.3062186674609035,0.22940849133565885,"[0.13, 0.12390924956369982, 0.125, 0.0, 0.0, 0.05128205128205128, 0.2857142857142857, 0.125], mean FNR",0.1051131983200046,0.068090697011789
14,0.1180,0.9797,0.9792,0.0163,0.0244,"[0.03359173126614987, 0.05337078651685393, 0.0, 0.6666666666666666, 0.022222222222222223, 0.0], mean FPR",0.12930856777864877,0.12386725621056172,"[0.0915805022156573, 0.09169675090252707, 0.17647058823529413, 0.013157894736842105, 0.0024449877750611247, 0.03333333333333333, 0.13513513513513514, 0.125], mean FNR",0.08360239904173128,0.06750114602688768,0.1258,0.9130,0.9093,0.0773,0.0973,"[0.08695652173913043, 0.15384615384615385, 0.16666666666666666, 0.5, 1.0, 0.08, 0.14285714285714285], mean FPR",0.30433235501558487,0.22703294209973354,"[0.13, 0.12390924956369982, 0.125, 0.0, 0.0, 0.05128205128205128, 0.2857142857142857, 0.125], mean FNR",0.1051131983200046,0.06795987545239601
15,0.1180,0.9796,0.9791,0.0170,0.0240,"[0.03359173126614987, 0.05337078651685393, 0.0, 0.6666666666666666, 0.022222222222222223, 0.0], mean FPR",0.12930856777864877,0.12365525705855833,"[0.09010339734121123, 0.09097472924187726, 0.17647058823529413, 0.013157894736842105, 0.0024449877750611247, 0.03333333333333333, 0.13513513513513514, 0.125], mean FNR",0.08332750822484429,0.06744808307158011,0.1275,0.9128,0.9091,0.0783,0.0968,"[0.08695652173913043, 0.16083916083916083, 0.16666666666666666, 0.5, 1.0, 0.08, 0.21428571428571427], mean FPR",0.3155354376472389,0.2372575511501743,"[0.12666666666666668, 0.12041884816753927, 0.125, 0.0, 0.0, 0.02564102564102564, 0.2857142857142857, 0.125], mean FNR",0.10105510327368966,0.07044285837573047
16,0.1197,0.9796,0.9791,0.0174,0.0235,"[0.03359173126614987, 0.05337078651685393, 0.0, 0.6666666666666666, 0.022222222222222223, 0.0], mean FPR",0.12930856777864877,0.12351392429055606,"[0.08714918759231906, 0.0888086642599278, 0.17647058823529413, 0.013157894736842105, 0.0024449877750611247, 0.03333333333333333, 0.13513513513513514, 0.125], mean FNR",0.08268747388348908,0.06702987659180432,0.1275,0.9133,0.9098,0.0793,0.0947,"[0.09316770186335403, 0.16783216783216784, 0.16666666666666666, 0.5, 1.0, 0.08, 0.21428571428571427], mean FPR",0.3174217500925575,0.23816539001427967,"[0.12666666666666668, 0.12041884816753927, 0.125, 0.0, 0.0, 0.02564102564102564, 0.2857142857142857, 0.125], mean FNR",0.10105510327368966,0.07096614461330242
17,0.1187,0.9796,0.9791,0.0178,0.0231,"[0.03875968992248062, 0.05898876404494382, 0.0, 0.6666666666666666, 0.022222222222222223, 0.0], mean FPR",0.13110622380938555,0.12517024755329056,"[0.0827178729689808, 0.08592057761732852, 0.17647058823529413, 0.013157894736842105, 0.0024449877750611247, 0.03333333333333333, 0.13513513513513514, 0.125], mean FNR",0.08177254872524689,0.06633677929514153,0.1275,0.9135,0.9103,0.0812,0.0921,"[0.09937888198757763, 0.17482517482517482, 0.16666666666666666, 0.5, 1.0, 0.08, 0.21428571428571427], mean FPR",0.3193080625378762,0.23844141450880155,"[0.12666666666666668, 0.11867364746945899, 0.125, 0.0, 0.0, 0.0, 0.2857142857142857, 0.125], mean FNR",0.09763182498130142,0.07460723052813553
18,0.1245,0.9793,0.9788,0.0191,0.0224,"[0.041343669250646, 0.06460674157303371, 0.0, 0.6666666666666666, 0.022222222222222223, 0.0], mean FPR",0.13247321661876144,0.12611324205865967,"[0.06942392909896603, 0.07870036101083032, 0.14705882352941177, 0.013157894736842105, 0.0024449877750611247, 0.025, 0.08108108108108109, 0.125], mean FNR",0.06773338465402405,0.05263035701628782,0.1357,0.9140,0.9112,0.0846,0.0874,"[0.12422360248447205, 0.20279720279720279, 0.16666666666666666, 0.5, 1.0, 0.08, 0.21428571428571427], mean FPR",0.3268533123191508,0.2435404803370429,"[0.11333333333333333, 0.1099476439790576, 0.0625, 0.0, 0.0, 0.0, 0.2857142857142857, 0.125], mean FNR",0.08706190787833458,0.07143690787833458
19,0.1187,0.9797,0.9792,0.0176,0.0231,"[0.03359173126614987, 0.056179775280898875, 0.0, 0.6666666666666666, 0.022222222222222223, 0.0], mean FPR",0.12977673257265626,0.12391142270056242,"[0.08567208271787297, 0.08664259927797834, 0.17647058823529413, 0.013157894736842105, 0.0024449877750611247, 0.03333333333333333, 0.13513513513513514, 0.125], mean FNR",0.08223207765143964,0.06679630822133428,0.1283,0.9140,0.9107,0.0797,0.0926,"[0.09937888198757763, 0.17482517482517482, 0.16666666666666666, 0.5, 1.0, 0.08, 0.21428571428571427], mean FPR",0.3193080625378762,0.23956246566899167,"[0.12666666666666668, 0.11867364746945899, 0.125, 0.0, 0.0, 0.0, 0.2857142857142857, 0.125], mean FNR",0.09763182498130142,0.07447640896874255
20,0.1200,0.9829,0.9824,0.0110,0.0235,"[0.025839793281653745, 0.03932584269662921, 0.0, 0.6666666666666666, 0.022222222222222223, 0.0], mean FPR",0.12567575414452864,0.12200110217646985,"[0.10930576070901034, 0.10397111913357401, 0.17647058823529413, 0.02631578947368421, 0.0024449877750611247, 0.03333333333333333, 0.13513513513513514, 0.125], mean FNR",0.08899708922438654,0.07075052728505782,0.1373,0.9193,0.9154,0.0651,0.0973,"[0.08695652173913043, 0.15384615384615385, 0.0, 0.5, 1.0, 0.04, 0.0], mean FPR",0.2544003822264692,0.23367631177637133,"[0.15333333333333332, 0.14136125654450263, 0.125, 0.0, 0.0, 0.05128205128205128, 0.2857142857142857, 0.125], mean FNR",0.1102113658592716,0.07305804299166303
21,0.1369,0.9819,0.9816,0.0229,0.0131,"[0.056847545219638244, 0.10393258426966293, 0.0625, 0.6666666666666666, 0.044444444444444446, 0.029411764705882353], mean FPR",0.16063383421771577,0.13773792580134944,"[0.07680945347119646, 0.06859205776173286, 0.08823529411764706, 0.0, 0.0024449877750611247, 0.025, 0.10810810810810811, 0.125], mean FNR",0.0617737376542182,0.0546185687938602,0.1604,0.9183,0.9165,0.0905,0.0722,"[0.15527950310559005, 0.26573426573426573, 0.0, 0.5, 1.0, 0.08, 0.2857142857142857], mean FPR",0.32667543636487734,0.26502880510963556,"[0.09666666666666666, 0.08900523560209424, 0.0, 0.0, 0.0, 0.05128205128205128, 0.21428571428571427, 0.0], mean FNR",0.05640495847956581,0.061637820855285325
22,0.1190,0.9842,0.9838,0.0134,0.0184,"[0.03359173126614987, 0.05898876404494382, 0.0, 0.6666666666666666, 0.022222222222222223, 0.0], mean FPR",0.13024489736666375,0.12579291517459248,"[0.09453471196454949, 0.08808664259927798, 0.11764705882352941, 0.0, 0.0024449877750611247, 0.025, 0.10810810810810811, 0.125], mean FNR",0.07010268865881576,0.06028558545950479,0.1373,0.9188,0.9154,0.0714,0.0916,"[0.09316770186335403, 0.16083916083916083, 0.0, 0.5, 1.0, 0.04, 0.0], mean FPR",0.25628669467178783,0.23465404161056336,"[0.14666666666666667, 0.1273996509598604, 0.125, 0.0, 0.0, 0.05128205128205128, 0.2857142857142857, 0.125], mean FNR",0.107632831827858,0.07191854611357229
23,0.1162,0.9830,0.9826,0.0163,0.0177,"[0.041343669250646, 0.06741573033707865, 0.0, 0.6666666666666666, 0.022222222222222223, 0.0], mean FPR",0.13294138141276893,0.12750006984468185,"[0.08714918759231906, 0.08086642599277978, 0.11764705882352941, 0.0, 0.0024449877750611247, 0.025, 0.10810810810810811, 0.125], mean FNR",0.06827697103647468,0.058792609629532824,0.1308,0.9168,0.9136,0.0773,0.0895,"[0.09937888198757763, 0.17482517482517482, 0.16666666666666666, 0.5, 1.0, 0.08, 0.07142857142857142], mean FPR",0.2988998992725701,0.22327786963879875,"[0.13666666666666666, 0.11867364746945899, 0.125, 0.0, 0.0, 0.05128205128205128, 0.2857142857142857, 0.125], mean FNR",0.10529208139155782,0.07010108191484407
24,0.1176,0.9828,0.9824,0.0174,0.0171,"[0.04392764857881137, 0.07584269662921349, 0.0, 0.6666666666666666, 0.022222222222222223, 0.0], mean FPR",0.1347765390161523,0.12898189552805958,"[0.07680945347119646, 0.07509025270758123, 0.11764705882352941, 0.0, 0.0024449877750611247, 0.025, 0.10810810810810811, 0.125], mean FNR",0.06626248261068454,0.0571108629961118,0.1316,0.9158,0.9130,0.0827,0.0858,"[0.10559006211180125, 0.1888111888111888, 0.16666666666666666, 0.5, 1.0, 0.08, 0.2857142857142857], mean FPR",0.3323974576148489,0.2504824450344743,"[0.13, 0.1099476439790576, 0.125, 0.0, 0.0, 0.05128205128205128, 0.2857142857142857, 0.125], mean FNR",0.10336799762192432,0.06909274906096148
25,0.1176,0.9833,0.9829,0.0155,0.0180,"[0.03875968992248062, 0.06741573033707865, 0.0, 0.6666666666666666, 0.022222222222222223, 0.0], mean FPR",0.13251071819140803,0.12735207215932548,"[0.08714918759231906, 0.07942238267148015, 0.11764705882352941, 0.0, 0.0024449877750611247, 0.025, 0.13513513513513514, 0.125], mean FNR",0.07147484399969062,0.06187956866195905,0.1299,0.9178,0.9146,0.0758,0.0890,"[0.09937888198757763, 0.16783216783216784, 0.16666666666666666, 0.5, 1.0, 0.08, 0.07142857142857142], mean FPR",0.29790089827356914,0.22332723319109776,"[0.13, 0.11518324607329843, 0.125, 0.0, 0.0, 0.05128205128205128, 0.2857142857142857, 0.125], mean FNR",0.10402244788370443,0.06896226996638365
26,0.1187,0.9832,0.9828,0.0153,0.0184,"[0.03359173126614987, 0.06179775280898876, 0.0, 0.6666666666666666, 0.022222222222222223, 0.0], mean FPR",0.13071306216067127,0.12562508251258983,"[0.08862629246676514, 0.07942238267148015, 0.14705882352941177, 0.0, 0.0024449877750611247, 0.03333333333333333, 0.13513513513513514, 0.125], mean FNR",0.07637761936389834,0.06656051616458736,0.1299,0.9158,0.9126,0.0788,0.0900,"[0.09937888198757763, 0.16083916083916083, 0.16666666666666666, 0.5, 1.0, 0.08, 0.07142857142857142], mean FPR",0.2969018972745681,0.22023150308949682,"[0.13333333333333333, 0.1169284467713787, 0.125, 0.0, 0.0, 0.05128205128205128, 0.2857142857142857, 0.125], mean FNR",0.10465726463763111,0.06933544360152438
27,0.1176,0.9822,0.9818,0.0176,0.0180,"[0.03359173126614987, 0.06460674157303371, 0.0, 0.6666666666666666, 0.022222222222222223, 0.0], mean FPR",0.13118122695467874,0.1253159170825849,"[0.08862629246676514, 0.0779783393501805, 0.14705882352941177, 0.0, 0.0024449877750611247, 0.03333333333333333, 0.13513513513513514, 0.125], mean FNR",0.07619711394873588,0.06660183861100431,0.1299,0.9161,0.9130,0.0802,0.0879,"[0.09937888198757763, 0.16083916083916083, 0.16666666666666666, 0.5, 1.0, 0.08, 0.07142857142857142], mean FPR",0.2969018972745681,0.21925023386948003,"[0.13333333333333333, 0.11343804537521815, 0.125, 0.0, 0.0, 0.0, 0.2857142857142857, 0.125], mean FNR",0.09781070805285465,0.07583268607483266
28,0.1166,0.9819,0.9815,0.0180,0.0182,"[0.03359173126614987, 0.06741573033707865, 0.0, 0.6666666666666666, 0.022222222222222223, 0.0], mean FPR",0.13164939174868623,0.1256427491085901,"[0.08419497784342689, 0.07581227436823104, 0.14705882352941177, 0.0, 0.0024449877750611247, 0.03333333333333333, 0.13513513513513514, 0.125], mean FNR",0.07537244149807491,0.06566625222955363,0.1291,0.9150,0.9121,0.0827,0.0874,"[0.10559006211180125, 0.16783216783216784, 0.16666666666666666, 0.5, 1.0, 0.08, 0.14285714285714285], mean FPR",0.3089922913525398,0.22707727877216524,"[0.13, 0.11169284467713787, 0.125, 0.0, 0.0, 0.0, 0.2857142857142857, 0.125], mean FNR",0.09717589129892795,0.07532869088029895
29,0.1159,0.9824,0.9820,0.0172,0.0180,"[0.03617571059431524, 0.0702247191011236, 0.0, 0.6666666666666666, 0.022222222222222223, 0.0], mean FPR",0.13254821976405462,0.12682424265996303,"[0.07976366322008863, 0.0736462093862816, 0.14705882352941177, 0.0, 0.0024449877750611247, 0.03333333333333333, 0.13513513513513514, 0.125], mean FNR",0.07454776904741395,0.06495249370968238,0.1299,0.9153,0.9125,0.0832,0.0863,"[0.10559006211180125, 0.16783216783216784, 0.16666666666666666, 0.5, 1.0, 0.08, 0.14285714285714285], mean FPR",0.3089922913525398,0.22672782392173188,"[0.12666666666666668, 0.1099476439790576, 0.125, 0.0, 0.0, 0.0, 0.2857142857142857, 0.125], mean FNR",0.09654107454500124,0.07495551724515823
30,0.1156,0.9820,0.9816,0.0182,0.0177,"[0.03875968992248062, 0.07584269662921349, 0.0, 0.6666666666666666, 0.022222222222222223, 0.0], mean FPR",0.1339152125734305,0.12783790354933325,"[0.07976366322008863, 0.07075812274368232, 0.14705882352941177, 0.0, 0.0024449877750611247, 0.03333333333333333, 0.10810810810810811, 0.08333333333333333], mean FNR",0.06560004650537732,0.05611568509843547,0.1299,0.9150,0.9123,0.0841,0.0858,"[0.10559006211180125, 0.17482517482517482, 0.16666666666666666, 0.5, 1.0, 0.08, 0.14285714285714285], mean FPR",0.3099912923515408,0.2270279152198662,"[0.12666666666666668, 0.1099476439790576, 0.125, 0.0, 0.0, 0.0, 0.2857142857142857, 0.125], mean FNR",0.09654107454500124,0.07508633880455122
31,0.1180,0.9812,0.9808,0.0201,0.0173,"[0.04909560723514212, 0.08426966292134831, 0.0, 0.6666666666666666, 0.044444444444444446, 0.0], mean FPR",0.14074606354460026,0.13403275706449283,"[0.07090103397341212, 0.061371841155234655, 0.11764705882352941, 0.0, 0.0024449877750611247, 0.025, 0.08108108108108109, 0.08333333333333333], mean FNR",0.055222417017706464,0.045959883472344025,0.1308,0.9128,0.9102,0.0895,0.0848,"[0.10559006211180125, 0.18181818181818182, 0.16666666666666666, 0.5, 1.0, 0.08, 0.14285714285714285], mean FPR",0.3109902933505418,0.22418291286410066,"[0.12, 0.1082024432809773, 0.125, 0.0, 0.0, 0.0, 0.2857142857142857, 0.125], mean FNR",0.09548959112440787,0.07429649850274382
32,0.1162,0.9824,0.9820,0.0176,0.0175,"[0.03875968992248062, 0.07584269662921349, 0.0, 0.6666666666666666, 0.022222222222222223, 0.0], mean FPR",0.1339152125734305,0.12804990270133665,"[0.07385524372230429, 0.07003610108303249, 0.11764705882352941, 0.0, 0.0024449877750611247, 0.025, 0.13513513513513514, 0.125], mean FNR",0.0686398158173828,0.059266368341230655,0.1291,0.9143,0.9115,0.0846,0.0869,"[0.10559006211180125, 0.18181818181818182, 0.16666666666666666, 0.5, 1.0, 0.08, 0.14285714285714285], mean FPR",0.3109902933505418,0.22767746136843386,"[0.12333333333333334, 0.10645724258289703, 0.125, 0.0, 0.0, 0.0, 0.2857142857142857, 0.125], mean FNR",0.0956881077038145,0.0739717288445785
33,0.1187,0.9833,0.9829,0.0157,0.0177,"[0.03617571059431524, 0.06741573033707865, 0.0, 0.6666666666666666, 0.022222222222222223, 0.0], mean FPR",0.13208005497004713,0.12685074255396347,"[0.0827178729689808, 0.07725631768953069, 0.11764705882352941, 0.0, 0.0024449877750611247, 0.025, 0.13513513513513514, 0.125], mean FNR",0.07065017154902964,0.06116581014208779,0.1299,0.9163,0.9131,0.0778,0.0900,"[0.09937888198757763, 0.17482517482517482, 0.16666666666666666, 0.5, 1.0, 0.08, 0.07142857142857142], mean FPR",0.2988998992725701,0.22292841478836545,"[0.13333333333333333, 0.11343804537521815, 0.125, 0.0, 0.0, 0.02564102564102564, 0.2857142857142857, 0.125], mean FNR",0.10101583625798286,0.07210427163213251
34,0.1169,0.9837,0.9833,0.0140,0.0186,"[0.03359173126614987, 0.06179775280898876, 0.0, 0.6666666666666666, 0.022222222222222223, 0.0], mean FPR",0.13071306216067127,0.12604908081659663,"[0.0930576070901034, 0.0851985559566787, 0.11764705882352941, 0.0, 0.0024449877750611247, 0.025, 0.13513513513513514, 0.125], mean FNR",0.07293541809756346,0.0630074009674628,0.1299,0.9171,0.9136,0.0744,0.0921,"[0.09937888198757763, 0.17482517482517482, 0.16666666666666666, 0.5, 1.0, 0.08, 0.07142857142857142], mean FPR",0.2988998992725701,0.2253745987413987,"[0.14, 0.12041884816753927, 0.125, 0.0, 0.0, 0.05128205128205128, 0.2857142857142857, 0.125], mean FNR",0.10592689814548453,0.07008179087180583
35,0.1187,0.9837,0.9833,0.0140,0.0186,"[0.03359173126614987, 0.056179775280898875, 0.0, 0.6666666666666666, 0.022222222222222223, 0.0], mean FPR",0.12977673257265626,0.12511275122858165,"[0.0930576070901034, 0.08664259927797834, 0.11764705882352941, 0.0, 0.0024449877750611247, 0.025, 0.13513513513513514, 0.125], mean FNR",0.07311592351272592,0.06318790638262525,0.1308,0.9178,0.9144,0.0734,0.0916,"[0.09316770186335403, 0.17482517482517482, 0.0, 0.5, 1.0, 0.04, 0.0], mean FPR",0.25828469666978987,0.2363724797282187,"[0.14333333333333334, 0.12216404886561955, 0.125, 0.0, 0.0, 0.05128205128205128, 0.2857142857142857, 0.125], mean FNR",0.10656171489941124,0.07084742918512552
36,0.1190,0.9836,0.9832,0.0140,0.0189,"[0.03359173126614987, 0.056179775280898875, 0.0, 0.6666666666666666, 0.022222222222222223, 0.0], mean FPR",0.12977673257265626,0.12511275122858165,"[0.0930576070901034, 0.08664259927797834, 0.11764705882352941, 0.0, 0.0024449877750611247, 0.025, 0.13513513513513514, 0.125], mean FNR",0.07311592351272592,0.06307699245183554,0.1308,0.9178,0.9144,0.0734,0.0916,"[0.09316770186335403, 0.17482517482517482, 0.0, 0.5, 1.0, 0.04, 0.0], mean FPR",0.25828469666978987,0.2363724797282187,"[0.14333333333333334, 0.12216404886561955, 0.125, 0.0, 0.0, 0.05128205128205128, 0.2857142857142857, 0.125], mean FNR",0.10656171489941124,0.07084742918512552
37,0.1190,0.9836,0.9832,0.0140,0.0189,"[0.03359173126614987, 0.056179775280898875, 0.0, 0.6666666666666666, 0.022222222222222223, 0.0], mean FPR",0.12977673257265626,0.12511275122858165,"[0.0930576070901034, 0.08664259927797834, 0.11764705882352941, 0.0, 0.0024449877750611247, 0.025, 0.13513513513513514, 0.125], mean FNR",0.07311592351272592,0.06307699245183554,0.1308,0.9176,0.9142,0.0739,0.0916,"[0.09316770186335403, 0.17482517482517482, 0.0, 0.5, 1.0, 0.04, 0.0], mean FPR",0.25828469666978987,0.23630258875813204,"[0.14333333333333334, 0.12216404886561955, 0.125, 0.0, 0.0, 0.05128205128205128, 0.2857142857142857, 0.125], mean FNR",0.10656171489941124,0.07084742918512552
38,0.1197,0.9838,0.9834,0.0140,0.0184,"[0.03359173126614987, 0.056179775280898875, 0.0, 0.6666666666666666, 0.022222222222222223, 0.0], mean FPR",0.12977673257265626,0.12511275122858165,"[0.0915805022156573, 0.08592057761732852, 0.11764705882352941, 0.0, 0.0024449877750611247, 0.025, 0.13513513513513514, 0.125], mean FNR",0.07284103269583894,0.06302392949652796,0.1308,0.9176,0.9142,0.0739,0.0916,"[0.09316770186335403, 0.17482517482517482, 0.0, 0.5, 1.0, 0.04, 0.0], mean FPR",0.25828469666978987,0.23630258875813204,"[0.14333333333333334, 0.12041884816753927, 0.125, 0.0, 0.0, 0.05128205128205128, 0.2857142857142857, 0.125], mean FNR",0.1063435648121512,0.07062927909786548
39,0.1194,0.9836,0.9832,0.0140,0.0189,"[0.03359173126614987, 0.056179775280898875, 0.0, 0.6666666666666666, 0.022222222222222223, 0.0], mean FPR",0.12977673257265626,0.12511275122858165,"[0.0930576070901034, 0.08664259927797834, 0.11764705882352941, 0.0, 0.0024449877750611247, 0.025, 0.13513513513513514, 0.125], mean FNR",0.07311592351272592,0.06307699245183554,0.1299,0.9176,0.9142,0.0739,0.0916,"[0.09316770186335403, 0.17482517482517482, 0.0, 0.5, 1.0, 0.04, 0.0], mean FPR",0.25828469666978987,0.23630258875813204,"[0.14, 0.11867364746945899, 0.125, 0.0, 0.0, 0.05128205128205128, 0.2857142857142857, 0.125], mean FNR",0.1057087480582245,0.06999446234393877
40,0.1173,0.9833,0.9829,0.0157,0.0177,"[0.03617571059431524, 0.06741573033707865, 0.0, 0.6666666666666666, 0.022222222222222223, 0.0], mean FPR",0.13208005497004713,0.12685074255396347,"[0.08714918759231906, 0.08014440433212996, 0.11764705882352941, 0.0, 0.0024449877750611247, 0.025, 0.13513513513513514, 0.125], mean FNR",0.07156509670727185,0.06208073530032998,0.1275,0.9168,0.9137,0.0778,0.0890,"[0.09937888198757763, 0.17482517482517482, 0.16666666666666666, 0.5, 1.0, 0.08, 0.07142857142857142], mean FPR",0.2988998992725701,0.22292841478836545,"[0.13, 0.11343804537521815, 0.125, 0.0, 0.0, 0.05128205128205128, 0.2857142857142857, 0.125], mean FNR",0.1038042977964444,0.06874411987912361
41,0.1149,0.9825,0.9822,0.0195,0.0153,"[0.04392764857881137, 0.08707865168539326, 0.0, 0.6666666666666666, 0.022222222222222223, 0.0], mean FPR",0.13664919819218227,0.13014789086407824,"[0.06499261447562776, 0.06498194945848375, 0.11764705882352941, 0.0, 0.0024449877750611247, 0.025, 0.10810810810810811, 0.125], mean FNR",0.06352183983010126,0.05525753166184619,0.1291,0.9123,0.9100,0.0934,0.0816,"[0.11801242236024845, 0.1958041958041958, 0.16666666666666666, 0.5, 1.0, 0.08, 0.21428571428571427], mean FPR",0.32496699987383215,0.2353639805839244,"[0.11666666666666667, 0.09424083769633508, 0.125, 0.0, 0.0, 0.0, 0.2857142857142857, 0.125], mean FNR",0.09332772375966093,0.0729195604943548
42,0.1197,0.9786,0.9783,0.0273,0.0151,"[0.06201550387596899, 0.10393258426966293, 0.0, 1.0, 0.022222222222222223, 0.0], mean FPR",0.19802838506130901,0.19062097765390162,"[0.056129985228951254, 0.05270758122743682, 0.11764705882352941, 0.0, 0.0024449877750611247, 0.025, 0.05405405405405406, 0.08333333333333333], mean FNR",0.04891462505529574,0.04076123081783038,0.1250,0.9062,0.9046,0.1067,0.0801,"[0.13043478260869565, 0.20279720279720279, 0.16666666666666666, 0.5, 1.0, 0.08, 0.2857142857142857], mean FPR",0.33794470539812155,0.2389064051465141,"[0.09666666666666666, 0.08726003490401396, 0.125, 0.0, 0.0, 0.0, 0.21428571428571427, 0.125], mean FNR",0.08102655198204936,0.06101085339492221
43,0.1166,0.9841,0.9837,0.0161,0.0157,"[0.03617571059431524, 0.07303370786516854, 0.0, 0.6666666666666666, 0.022222222222222223, 0.0], mean FPR",0.1330163845580621,0.12764573937397616,"[0.07680945347119646, 0.07725631768953069, 0.11764705882352941, 0.0, 0.0024449877750611247, 0.025, 0.10810810810810811, 0.125], mean FNR",0.06653324073342823,0.058047104703593734,0.1340,0.9161,0.9131,0.0812,0.0869,"[0.10559006211180125, 0.18181818181818182, 0.0, 0.5, 1.0, 0.04, 0.07142857142857142], mean FPR",0.2712624021940792,0.2278237664658153,"[0.13666666666666666, 0.1099476439790576, 0.125, 0.0, 0.0, 0.05128205128205128, 0.2857142857142857, 0.125], mean FNR",0.10420133095525766,0.06966443927550883
44,0.1166,0.9842,0.9838,0.0153,0.0164,"[0.03617571059431524, 0.07303370786516854, 0.0, 0.6666666666666666, 0.022222222222222223, 0.0], mean FPR",0.1330163845580621,0.1279284049099807,"[0.0827178729689808, 0.08086642599277978, 0.11764705882352941, 0.0, 0.0024449877750611247, 0.025, 0.10810810810810811, 0.125], mean FNR",0.0677230567085574,0.0589041788863538,0.1382,0.9168,0.9138,0.0788,0.0879,"[0.10559006211180125, 0.18181818181818182, 0.0, 0.5, 1.0, 0.04, 0.0], mean FPR",0.26105832056142614,0.23837730294890166,"[0.14, 0.1169284467713787, 0.125, 0.0, 0.0, 0.05128205128205128, 0.2857142857142857, 0.125], mean FNR",0.10549059797096447,0.07069206317242965
45,0.1162,0.9840,0.9836,0.0165,0.0155,"[0.03875968992248062, 0.07584269662921349, 0.0, 0.6666666666666666, 0.022222222222222223, 0.0], mean FPR",0.1339152125734305,0.12840323462134232,"[0.07533234859675036, 0.07581227436823104, 0.11764705882352941, 0.0, 0.0024449877750611247, 0.025, 0.10810810810810811, 0.125], mean FNR",0.06616809720896,0.05779287510991522,0.1308,0.9150,0.9123,0.0841,0.0858,"[0.11180124223602485, 0.1888111888111888, 0.0, 0.5, 1.0, 0.08, 0.07142857142857142], mean FPR",0.27886300035368355,0.22357644737632826,"[0.13, 0.1082024432809773, 0.125, 0.0, 0.0, 0.05128205128205128, 0.2857142857142857, 0.125], mean FNR",0.10314984753466427,0.06887459897370143
46,0.1162,0.9838,0.9835,0.0167,0.0155,"[0.04392764857881137, 0.07584269662921349, 0.0, 0.6666666666666666, 0.022222222222222223, 0.0], mean FPR",0.1347765390161523,0.12919389468006295,"[0.0723781388478582, 0.07075812274368232, 0.11764705882352941, 0.0, 0.0024449877750611247, 0.025, 0.10810810810810811, 0.125], mean FNR",0.06516705203727989,0.05679182993823511,0.1324,0.9148,0.9121,0.0856,0.0848,"[0.11180124223602485, 0.1888111888111888, 0.16666666666666666, 0.5, 1.0, 0.08, 0.14285714285714285], mean FPR",0.3128766057958604,0.22886486411288587,"[0.12, 0.1012216404886562, 0.125, 0.0, 0.0, 0.02564102564102564, 0.2857142857142857, 0.125], mean FNR",0.09782211898049595,0.07021876994857548
47,0.1169,0.9830,0.9826,0.0187,0.0153,"[0.04392764857881137, 0.07865168539325842, 0.0, 0.6666666666666666, 0.022222222222222223, 0.0], mean FPR",0.13524470381015977,0.12902606201806027,"[0.06499261447562776, 0.06425992779783393, 0.11764705882352941, 0.0, 0.0024449877750611247, 0.025, 0.10810810810810811, 0.125], mean FNR",0.06343158712252003,0.055167278954264966,0.1299,0.9120,0.9096,0.0915,0.0842,"[0.11801242236024845, 0.20279720279720279, 0.16666666666666666, 0.5, 1.0, 0.08, 0.2857142857142857], mean FPR",0.3361700825054862,0.24796488261731178,"[0.12, 0.09598603839441536, 0.125, 0.0, 0.0, 0.0, 0.2857142857142857, 0.125], mean FNR",0.09396254051358763,0.07290026945131657
48,0.1169,0.9822,0.9819,0.0206,0.0149,"[0.046511627906976744, 0.09269662921348315, 0.0, 0.6666666666666666, 0.022222222222222223, 0.0], mean FPR",0.13801619100155813,0.13116155175344843,"[0.0620384047267356, 0.06064981949458484, 0.11764705882352941, 0.0, 0.0024449877750611247, 0.025, 0.10810810810810811, 0.125], mean FNR",0.06261104736600238,0.05456856705932672,0.1324,0.9115,0.9095,0.0969,0.0795,"[0.11801242236024845, 0.20279720279720279, 0.16666666666666666, 0.5, 1.0, 0.08, 0.2857142857142857], mean FPR",0.3361700825054862,0.2441208792625452,"[0.10333333333333333, 0.09424083769633508, 0.125, 0.0, 0.0, 0.0, 0.2857142857142857, 0.125], mean FNR",0.09166105709299427,0.0717761800652601
49,0.1207,0.9803,0.9798,0.0180,0.0215,"[0.03875968992248062, 0.06460674157303371, 0.0, 0.6666666666666666, 0.022222222222222223, 0.0], mean FPR",0.13204255339740054,0.12603591075730441,"[0.06646971935007386, 0.06931407942238267, 0.11764705882352941, 0.0, 0.0024449877750611247, 0.025, 0.10810810810810811, 0.125], mean FNR",0.0642479941848944,0.05287809595452752,0.1332,0.9092,0.9063,0.0900,0.0916,"[0.10559006211180125, 0.1888111888111888, 0.16666666666666666, 0.5, 1.0, 0.08, 0.21428571428571427], mean FPR",0.3221933759821959,0.2350365406453214,"[0.10666666666666667, 0.10296684118673648, 0.125, 0.0, 0.0, 0.0, 0.21428571428571427, 0.125], mean FNR",0.08423990276738968,0.06134612987361679
50,0.1152,0.9815,0.9810,0.0174,0.0197,"[0.03875968992248062, 0.06460674157303371, 0.0, 0.6666666666666666, 0.022222222222222223, 0.0], mean FPR",0.13204255339740054,0.12624790990930781,"[0.07090103397341212, 0.07003610108303249, 0.14705882352941177, 0.013157894736842105, 0.0024449877750611247, 0.025, 0.10810810810810811, 0.125], mean FNR",0.07021336865073347,0.05644130818247371,0.1316,0.9105,0.9077,0.0895,0.0895,"[0.09937888198757763, 0.18181818181818182, 0.16666666666666666, 0.5, 1.0, 0.08, 0.21428571428571427], mean FPR",0.3203070635368772,0.23349968305043609,"[0.11, 0.1082024432809773, 0.125, 0.0, 0.0, 0.0, 0.21428571428571427, 0.125], mean FNR",0.08531101969583646,0.06294053303963551
51,0.1159,0.9779,0.9772,0.0134,0.0313,"[0.03359173126614987, 0.05337078651685393, 0.0, 0.6666666666666666, 0.022222222222222223, 0.0], mean FPR",0.12930856777864877,0.12485658558657753,"[0.08124076809453472, 0.08736462093862817, 0.14705882352941177, 0.013157894736842105, 0.0024449877750611247, 0.03333333333333333, 0.13513513513513514, 0.125], mean FNR",0.0780919454428683,0.05855236057354377,0.1308,0.9090,0.9051,0.0812,0.1015,"[0.09316770186335403, 0.16783216783216784, 0.16666666666666666, 0.5, 1.0, 0.08, 0.21428571428571427], mean FPR",0.3174217500925575,0.23655510206348287,"[0.11666666666666667, 0.12041884816753927, 0.125, 0.0, 0.0, 0.0, 0.2857142857142857, 0.125], mean FNR",0.09659997506856145,0.07122059254632179
52,0.1156,0.9775,0.9767,0.0127,0.0328,"[0.03359173126614987, 0.05056179775280899, 0.0, 0.6666666666666666, 0.022222222222222223, 0.0], mean FPR",0.1288404029846413,0.12460041994457344,"[0.07976366322008863, 0.0888086642599278, 0.14705882352941177, 0.013157894736842105, 0.0024449877750611247, 0.03333333333333333, 0.13513513513513514, 0.125], mean FNR",0.07808781274872499,0.057771830363872526,0.1308,0.9092,0.9054,0.0807,0.1015,"[0.09316770186335403, 0.16783216783216784, 0.16666666666666666, 0.5, 1.0, 0.08, 0.21428571428571427], mean FPR",0.3174217500925575,0.23690455691391626,"[0.11, 0.11867364746945899, 0.125, 0.0, 0.0, 0.0, 0.2857142857142857, 0.125], mean FNR",0.09554849164796808,0.07016910912572842
53,0.1187,0.9811,0.9806,0.0136,0.0244,"[0.03359173126614987, 0.047752808988764044, 0.0, 0.6666666666666666, 0.022222222222222223, 0.0], mean FPR",0.1283722381906338,0.12384958961456144,"[0.0723781388478582, 0.07509025270758123, 0.14705882352941177, 0.013157894736842105, 0.0024449877750611247, 0.025, 0.10810810810810811, 0.125], mean FNR",0.07102977571310781,0.054928522698264225,0.1332,0.9100,0.9065,0.0832,0.0973,"[0.09937888198757763, 0.18181818181818182, 0.16666666666666666, 0.5, 1.0, 0.08, 0.21428571428571427], mean FPR",0.3203070635368772,0.2380425961060693,"[0.12666666666666668, 0.11169284467713787, 0.125, 0.0, 0.0, 0.0, 0.2857142857142857, 0.125], mean FNR",0.09675922463226128,0.07242641458516552
54,0.1149,0.9827,0.9822,0.0129,0.0220,"[0.028423772609819122, 0.0449438202247191, 0.0, 0.6666666666666666, 0.022222222222222223, 0.0], mean FPR",0.12704274695390452,0.12273209752983555,"[0.08124076809453472, 0.08375451263537906, 0.14705882352941177, 0.013157894736842105, 0.0024449877750611247, 0.025, 0.10810810810810811, 0.125], mean FNR",0.07322063685991712,0.0583394370837603,0.1316,0.9130,0.9096,0.0797,0.0947,"[0.08695652173913043, 0.16083916083916083, 0.16666666666666666, 0.5, 1.0, 0.08, 0.07142857142857142], mean FPR",0.29512727438193276,0.21775797049599485,"[0.13, 0.11518324607329843, 0.125, 0.0, 0.0, 0.0, 0.2857142857142857, 0.125], mean FNR",0.09761219147344802,0.07393348922331719
55,0.1156,0.9828,0.9823,0.0134,0.0213,"[0.025839793281653745, 0.0449438202247191, 0.0, 0.6666666666666666, 0.022222222222222223, 0.0], mean FPR",0.12661208373254362,0.12216010154047237,"[0.07976366322008863, 0.08375451263537906, 0.11764705882352941, 0.0, 0.0024449877750611247, 0.025, 0.13513513513513514, 0.125], mean FNR",0.07109316969864918,0.059834185399071996,0.1340,0.9148,0.9115,0.0788,0.0921,"[0.09937888198757763, 0.16783216783216784, 0.16666666666666666, 0.5, 1.0, 0.08, 0.07142857142857142], mean FPR",0.29790089827356914,0.22123050408849781,"[0.13, 0.11518324607329843, 0.125, 0.0, 0.0, 0.0, 0.2857142857142857, 0.125], mean FNR",0.09761219147344802,0.07458759702028214
56,0.1152,0.9827,0.9822,0.0142,0.0206,"[0.025839793281653745, 0.0449438202247191, 0.0, 0.6666666666666666, 0.022222222222222223, 0.0], mean FPR",0.12661208373254362,0.12187743600446788,"[0.07828655834564253, 0.08086642599277978, 0.11764705882352941, 0.0, 0.0024449877750611247, 0.025, 0.13513513513513514, 0.125], mean FNR",0.07054752075901849,0.05962127825181045,0.1332,0.9138,0.9106,0.0812,0.0916,"[0.10559006211180125, 0.17482517482517482, 0.16666666666666666, 0.5, 1.0, 0.08, 0.07142857142857142], mean FPR",0.2997872107188878,0.2217162014932797,"[0.13, 0.11343804537521815, 0.125, 0.0, 0.0, 0.0, 0.2857142857142857, 0.125], mean FNR",0.09739404138618799,0.07450026849241509
57,0.1176,0.9825,0.9821,0.0146,0.0204,"[0.025839793281653745, 0.0449438202247191, 0.0, 0.6666666666666666, 0.022222222222222223, 0.0], mean FPR",0.12661208373254362,0.1217361032364656,"[0.07828655834564253, 0.07942238267148015, 0.11764705882352941, 0.0, 0.0024449877750611247, 0.025, 0.13513513513513514, 0.125], mean FNR",0.07036701534385603,0.0595516867674377,0.1357,0.9135,0.9104,0.0827,0.0905,"[0.11180124223602485, 0.18181818181818182, 0.16666666666666666, 0.5, 1.0, 0.08, 0.07142857142857142], mean FPR",0.3016735231642064,0.22297349520781834,"[0.13, 0.11343804537521815, 0.125, 0.0, 0.0, 0.0, 0.2857142857142857, 0.125], mean FNR",0.09739404138618799,0.07476191161120106
58,0.1187,0.9827,0.9822,0.0148,0.0200,"[0.025839793281653745, 0.0449438202247191, 0.0, 0.6666666666666666, 0.022222222222222223, 0.0], mean FPR",0.12661208373254362,0.12166543685246446,"[0.07680945347119646, 0.07653429602888087, 0.11764705882352941, 0.0, 0.0024449877750611247, 0.025, 0.13513513513513514, 0.125], mean FNR",0.06982136640422537,0.05922786568938645,0.1357,0.9128,0.9097,0.0841,0.0905,"[0.11180124223602485, 0.18181818181818182, 0.16666666666666666, 0.5, 1.0, 0.08, 0.07142857142857142], mean FPR",0.3016735231642064,0.2223444764770384,"[0.13, 0.11343804537521815, 0.125, 0.0, 0.0, 0.0, 0.2857142857142857, 0.125], mean FNR",0.09739404138618799,0.07476191161120106
59,0.1176,0.9829,0.9824,0.0153,0.0191,"[0.025839793281653745, 0.0449438202247191, 0.0, 0.6666666666666666, 0.022222222222222223, 0.0], mean FPR",0.12661208373254362,0.1215241040844622,"[0.07385524372230429, 0.07509025270758123, 0.11764705882352941, 0.0, 0.0024449877750611247, 0.025, 0.13513513513513514, 0.125], mean FNR",0.0692715847704514,0.0591217397787713,0.1357,0.9128,0.9098,0.0846,0.0900,"[0.11180124223602485, 0.1888111888111888, 0.16666666666666666, 0.5, 1.0, 0.08, 0.07142857142857142], mean FPR",0.3026725241632074,0.2231338045657794,"[0.13, 0.11343804537521815, 0.125, 0.0, 0.0, 0.0, 0.2857142857142857, 0.125], mean FNR",0.09739404138618799,0.07489273317059406
60,0.1256,0.9704,0.9703,0.0488,0.0095,"[0.10077519379844961, 0.17696629213483145, 0.125, 1.0, 0.06666666666666667, 0.058823529411764705], mean FPR",0.2547052803352854,0.20594547537450525,"[0.026587887740029542, 0.02454873646209386, 0.029411764705882353, 0.0, 0.0, 0.016666666666666666, 0.02702702702702703, 0.08333333333333333], mean FNR",0.0259469269918791,0.021177627967921688,0.1316,0.8973,0.8990,0.1477,0.0544,"[0.22981366459627328, 0.36363636363636365, 0.16666666666666666, 0.5, 1.0, 0.16, 0.5], mean FPR",0.41715952784275767,0.26941001707954826,"[0.056666666666666664, 0.04363001745200698, 0.0, 0.0, 0.0, 0.0, 0.14285714285714285, 0.0], mean FNR",0.030394228371977063,0.046697608362716816
61,0.1204,0.9770,0.9767,0.0333,0.0122,"[0.07235142118863049, 0.11797752808988764, 0.0625, 1.0, 0.044444444444444446, 0.029411764705882353], mean FPR",0.22111419307147415,0.18912102692649166,"[0.028064992614475627, 0.0332129963898917, 0.058823529411764705, 0.0, 0.0024449877750611247, 0.016666666666666666, 0.02702702702702703, 0.08333333333333333], mean FNR",0.031196691652277522,0.024485178515078344,0.1414,0.9049,0.9047,0.1223,0.0659,"[0.16770186335403728, 0.27972027972027974, 0.16666666666666666, 0.5, 1.0, 0.12, 0.42857142857142855], mean FPR",0.38038003404463033,0.25873060715058505,"[0.06333333333333334, 0.059336823734729496, 0.0, 0.0, 0.0, 0.0, 0.2857142857142857, 0.0], mean FNR",0.05104805534779357,0.06983106553132731
62,0.1138,0.9833,0.9829,0.0146,0.0189,"[0.03359173126614987, 0.047752808988764044, 0.0, 0.6666666666666666, 0.022222222222222223, 0.0], mean FPR",0.1283722381906338,0.12349625769455579,"[0.06499261447562776, 0.07075812274368232, 0.11764705882352941, 0.0, 0.0024449877750611247, 0.025, 0.10810810810810811, 0.125], mean FNR",0.06424386149075109,0.0542049304298607,0.1332,0.9128,0.9099,0.0856,0.0890,"[0.10559006211180125, 0.18181818181818182, 0.16666666666666666, 0.5, 1.0, 0.08, 0.14285714285714285], mean FPR",0.3109902933505418,0.22697855166756722,"[0.12666666666666668, 0.11343804537521815, 0.125, 0.0, 0.0, 0.0, 0.2857142857142857, 0.125], mean FNR",0.09697737471952131,0.07473770962271337
63,0.1173,0.9795,0.9790,0.0161,0.0251,"[0.028423772609819122, 0.03651685393258427, 0.0, 0.6666666666666666, 0.022222222222222223, 0.0], mean FPR",0.12563825257188205,0.12026760738779611,"[0.08567208271787297, 0.08303249097472924, 0.20588235294117646, 0.013157894736842105, 0.0024449877750611247, 0.041666666666666664, 0.16216216216216217, 0.125], mean FNR",0.08987732974681384,0.07344333493960112,0.1283,0.9090,0.9051,0.0807,0.1020,"[0.08074534161490683, 0.14685314685314685, 0.16666666666666666, 0.5, 1.0, 0.08, 0.14285714285714285], mean FPR",0.3024460425702662,0.22192884939162488,"[0.12333333333333334, 0.1256544502617801, 0.125, 0.0, 0.0, 0.0, 0.21428571428571427, 0.125], mean FNR",0.08915918723510347,0.06364898315347081
64,0.1125,0.9801,0.9795,0.0134,0.0268,"[0.023255813953488372, 0.025280898876404494, 0.0, 0.6666666666666666, 0.022222222222222223, 0.0], mean FPR",0.1229042669531303,0.11845228476105903,"[0.10044313146233383, 0.09675090252707581, 0.23529411764705882, 0.02631578947368421, 0.0024449877750611247, 0.041666666666666664, 0.16216216216216217, 0.125], mean FNR",0.09875971971425533,0.07814893977651442,0.1225,0.9110,0.9068,0.0749,0.1041,"[0.07453416149068323, 0.13986013986013987, 0.16666666666666666, 0.5, 1.0, 0.08, 0.07142857142857142], mean FPR",0.2903556484922945,0.2165720552455854,"[0.14, 0.13089005235602094, 0.125, 0.0, 0.0, 0.0, 0.21428571428571427, 0.125], mean FNR",0.0918969708302169,0.0658634805110123
65,0.1131,0.9802,0.9796,0.0140,0.0260,"[0.025839793281653745, 0.025280898876404494, 0.0, 0.6666666666666666, 0.022222222222222223, 0.0], mean FPR",0.1233349301744912,0.11867094883041655,"[0.1019202363367799, 0.09819494584837545, 0.23529411764705882, 0.02631578947368421, 0.0024449877750611247, 0.041666666666666664, 0.13513513513513514, 0.125], mean FNR",0.09574648486034516,0.07566984306298627,0.1250,0.9123,0.9082,0.0749,0.1015,"[0.08074534161490683, 0.13986013986013987, 0.16666666666666666, 0.5, 1.0, 0.08, 0.07142857142857142], mean FPR",0.29124295993861216,0.2173682045570074,"[0.14333333333333334, 0.13089005235602094, 0.125, 0.0, 0.0, 0.0, 0.21428571428571427, 0.125], mean FNR",0.09231363749688357,0.0669342549746439
66,0.1159,0.9797,0.9792,0.0157,0.0251,"[0.028423772609819122, 0.028089887640449437, 0.0, 0.6666666666666666, 0.022222222222222223, 0.0], mean FPR",0.12423375818985959,0.1190044457737759,"[0.09896602658788774, 0.09386281588447654, 0.23529411764705882, 0.02631578947368421, 0.0024449877750611247, 0.041666666666666664, 0.13513513513513514, 0.125], mean FNR",0.09483569239624628,0.07542453418362563,0.1266,0.9105,0.9066,0.0793,0.1005,"[0.08074534161490683, 0.13986013986013987, 0.16666666666666666, 0.5, 1.0, 0.08, 0.14285714285714285], mean FPR",0.3014470415712652,0.22219068149298732,"[0.13666666666666666, 0.13089005235602094, 0.125, 0.0, 0.0, 0.0, 0.21428571428571427, 0.125], mean FNR",0.09148030416355024,0.06636256476009655
67,0.1173,0.9794,0.9789,0.0178,0.0235,"[0.028423772609819122, 0.03651685393258427, 0.0, 0.6666666666666666, 0.022222222222222223, 0.0], mean FPR",0.12563825257188205,0.11970227631578706,"[0.09601181683899557, 0.0888086642599278, 0.23529411764705882, 0.02631578947368421, 0.0, 0.041666666666666664, 0.13513513513513514, 0.125], mean FNR",0.09352902375268353,0.07589370875712009,0.1258,0.9113,0.9076,0.0797,0.0984,"[0.08074534161490683, 0.13986013986013987, 0.16666666666666666, 0.5, 1.0, 0.08, 0.14285714285714285], mean FPR",0.3014470415712652,0.22170144470238062,"[0.13, 0.1273996509598604, 0.125, 0.0, 0.0, 0.0, 0.21428571428571427, 0.125], mean FNR",0.09021067065569684,0.0656162174898151
68,0.1176,0.9801,0.9796,0.0176,0.0224,"[0.03359173126614987, 0.042134831460674156, 0.0, 0.6666666666666666, 0.022222222222222223, 0.0], mean FPR",0.1274359086026188,0.12157059873052496,"[0.09010339734121123, 0.0851985559566787, 0.23529411764705882, 0.02631578947368421, 0.0, 0.041666666666666664, 0.13513513513513514, 0.125], mean FNR",0.09233920777755436,0.0755357472629137,0.1283,0.9115,0.9080,0.0817,0.0958,"[0.08074534161490683, 0.13986013986013987, 0.16666666666666666, 0.5, 1.0, 0.08, 0.14285714285714285], mean FPR",0.3014470415712652,0.22050442509644413,"[0.13, 0.1256544502617801, 0.125, 0.0, 0.0, 0.0, 0.21428571428571427, 0.125], mean FNR",0.0899925205684368,0.06605217519952
69,0.1173,0.9753,0.9745,0.0155,0.0344,"[0.025839793281653745, 0.02247191011235955, 0.0, 0.6666666666666666, 0.022222222222222223, 0.0], mean FPR",0.12286676538048369,0.11770811934840114,"[0.103397341211226, 0.10613718411552346, 0.23529411764705882, 0.02631578947368421, 0.0, 0.041666666666666664, 0.16216216216216217, 0.125], mean FNR",0.09999665765954016,0.0762260510187145,0.1242,0.9054,0.9006,0.0768,0.1136,"[0.06832298136645963, 0.1258741258741259, 0.16666666666666666, 0.5, 1.0, 0.08, 0.14285714285714285], mean FPR",0.2976744166806279,0.2232891533436075,"[0.14666666666666667, 0.13787085514834205, 0.125, 0.0, 0.0, 0.0, 0.21428571428571427, 0.125], mean FNR",0.09360290451259037,0.06521462612431199
70,0.1280,0.9483,0.9475,0.0575,0.0457,"[0.07751937984496124, 0.0898876404494382, 0.0625, 1.0, 0.1111111111111111, 0.08823529411764706], mean FPR",0.23820890425385957,0.18075713406094038,"[0.11521418020679468, 0.11263537906137185, 0.23529411764705882, 0.02631578947368421, 0.0, 0.041666666666666664, 0.10810810810810811, 0.16666666666666666], mean FNR",0.10073761347879387,0.07231786457236632,0.1316,0.8784,0.8753,0.1262,0.1167,"[0.11180124223602485, 0.16783216783216784, 0.16666666666666666, 0.5, 1.0, 0.08, 0.21428571428571427], mean FPR",0.32008368443151053,0.21118771865985342,"[0.13666666666666666, 0.15008726003490402, 0.125, 0.0, 0.0, 0.0, 0.21428571428571427, 0.125], mean FNR",0.09387995512341063,0.0647067473787743
71,0.1287,0.9412,0.9408,0.0721,0.0448,"[0.10077519379844961, 0.11235955056179775, 0.1875, 1.0, 0.13333333333333333, 0.08823529411764706], mean FPR",0.2703672286352046,0.19828751695405133,"[0.11225997045790251, 0.11046931407942238, 0.23529411764705882, 0.02631578947368421, 0.0, 0.041666666666666664, 0.10810810810810811, 0.16666666666666666], mean FNR",0.10009757913743866,0.07189965809259052,0.1373,0.8705,0.8686,0.1433,0.1146,"[0.13043478260869565, 0.17482517482517482, 0.16666666666666666, 0.5, 1.0, 0.08, 0.21428571428571427], mean FPR",0.3237446197694645,0.20218623346080164,"[0.13666666666666666, 0.15008726003490402, 0.125, 0.0, 0.0, 0.0, 0.21428571428571427, 0.125], mean FNR",0.09387995512341063,0.06523003361634626
72,0.1297,0.9547,0.9540,0.0511,0.0393,"[0.07493540051679587, 0.08707865168539326, 0.0625, 1.0, 0.1111111111111111, 0.08823529411764706], mean FPR",0.2373100762384912,0.18621828060567372,"[0.103397341211226, 0.10613718411552346, 0.23529411764705882, 0.02631578947368421, 0.0, 0.041666666666666664, 0.13513513513513514, 0.16666666666666666], mean FNR",0.10182661261449513,0.0756158994962959,0.1316,0.8827,0.8794,0.1199,0.1146,"[0.11801242236024845, 0.17482517482517482, 0.16666666666666666, 0.5, 1.0, 0.08, 0.21428571428571427], mean FPR",0.3219699968768292,0.2140251560459167,"[0.13666666666666666, 0.14834205933682373, 0.125, 0.0, 0.0, 0.0, 0.21428571428571427, 0.125], mean FNR",0.09366180503615058,0.06501188352908623
73,0.1231,0.9675,0.9667,0.0310,0.0342,"[0.05167958656330749, 0.056179775280898875, 0.0625, 1.0, 0.06666666666666667, 0.029411764705882353], mean FPR",0.21107296553612587,0.1806344598391683,"[0.09748892171344166, 0.10324909747292418, 0.23529411764705882, 0.02631578947368421, 0.0, 0.041666666666666664, 0.13513513513513514, 0.16666666666666666], mean FNR",0.10072704934694718,0.07706735663691121,0.1275,0.8981,0.8940,0.0934,0.1109,"[0.11180124223602485, 0.14685314685314685, 0.16666666666666666, 0.5, 1.0, 0.08, 0.21428571428571427], mean FPR",0.3170866814345076,0.22748366214459975,"[0.14, 0.13961605584642234, 0.125, 0.0, 0.0, 0.0, 0.21428571428571427, 0.125], mean FNR",0.09298772126651708,0.06525355067520364
74,0.1256,0.9714,0.9707,0.0261,0.0313,"[0.046511627906976744, 0.056179775280898875, 0.0625, 1.0, 0.044444444444444446, 0.029411764705882353], mean FPR",0.2065079353897004,0.18043203969328317,"[0.10044313146233383, 0.09891696750902527, 0.23529411764705882, 0.02631578947368421, 0.0, 0.041666666666666664, 0.13513513513513514, 0.125], mean FNR",0.095346475986738,0.07312866437696822,0.1250,0.9004,0.8963,0.0905,0.1094,"[0.09316770186335403, 0.13986013986013987, 0.16666666666666666, 0.5, 1.0, 0.08, 0.14285714285714285], mean FPR",0.3032216644639005,0.2157153742765927,"[0.13333333333333333, 0.13263525305410123, 0.125, 0.0, 0.0, 0.0, 0.21428571428571427, 0.125], mean FNR",0.09128178758414361,0.06394008167100912
75,0.1228,0.9734,0.9728,0.0240,0.0293,"[0.03617571059431524, 0.047752808988764044, 0.0625, 1.0, 0.044444444444444446, 0.029411764705882353], mean FPR",0.20338078812223434,0.17942488394585107,"[0.09896602658788774, 0.09675090252707581, 0.23529411764705882, 0.02631578947368421, 0.0, 0.041666666666666664, 0.16216216216216217, 0.125], mean FNR",0.09826945813306692,0.07704987190040453,0.1217,0.9032,0.8990,0.0861,0.1083,"[0.08695652173913043, 0.13286713286713286, 0.16666666666666666, 0.5, 1.0, 0.08, 0.14285714285714285], mean FPR",0.3013353520185818,0.21697415548517393,"[0.12666666666666668, 0.12914485165794065, 0.125, 0.0, 0.0, 0.0, 0.21428571428571427, 0.125], mean FNR",0.09001215407629021,0.06293209128194169
76,0.1221,0.9744,0.9738,0.0229,0.0284,"[0.03617571059431524, 0.047752808988764044, 0.0625, 1.0, 0.044444444444444446, 0.029411764705882353], mean FPR",0.20338078812223434,0.18048487970586802,"[0.09896602658788774, 0.096028880866426, 0.23529411764705882, 0.02631578947368421, 0.0, 0.041666666666666664, 0.16216216216216217, 0.125], mean FNR",0.09817920542548571,0.07740327491598213,0.1242,0.9047,0.9006,0.0846,0.1068,"[0.08695652173913043, 0.13986013986013987, 0.16666666666666666, 0.5, 1.0, 0.08, 0.14285714285714285], mean FPR",0.3023343530175828,0.2190215210354749,"[0.12666666666666668, 0.1273996509598604, 0.125, 0.0, 0.0, 0.0, 0.21428571428571427, 0.125], mean FNR",0.08979400398903017,0.06310640587286062
77,0.1194,0.9770,0.9764,0.0184,0.0277,"[0.031007751937984496, 0.042134831460674156, 0.0625, 0.6666666666666666, 0.044444444444444446, 0.0], mean FPR",0.14112561575162827,0.12882966493543155,"[0.103397341211226, 0.096028880866426, 0.23529411764705882, 0.02631578947368421, 0.0, 0.041666666666666664, 0.16216216216216217, 0.125], mean FNR",0.09873311975340299,0.07828993103626855,0.1266,0.9075,0.9032,0.0797,0.1062,"[0.08695652173913043, 0.13986013986013987, 0.16666666666666666, 0.5, 1.0, 0.08, 0.14285714285714285], mean FPR",0.3023343530175828,0.22258875614869833,"[0.13333333333333333, 0.12914485165794065, 0.125, 0.0, 0.0, 0.0, 0.21428571428571427, 0.125], mean FNR",0.09084548740962353,0.06428871085284699
78,0.1180,0.9786,0.9780,0.0159,0.0271,"[0.028423772609819122, 0.03651685393258427, 0.0625, 0.6666666666666666, 0.044444444444444446, 0.0], mean FPR",0.13975862294225241,0.1291586653420828,"[0.103397341211226, 0.09747292418772563, 0.23529411764705882, 0.02631578947368421, 0.0, 0.041666666666666664, 0.16216216216216217, 0.125], mean FNR",0.09891362516856544,0.07880317824380012,0.1250,0.9085,0.9042,0.0783,0.1057,"[0.08074534161490683, 0.13286713286713286, 0.16666666666666666, 0.5, 1.0, 0.08, 0.14285714285714285], mean FPR",0.30044804057226415,0.2221701540751996,"[0.13666666666666666, 0.13089005235602094, 0.125, 0.0, 0.0, 0.0, 0.21428571428571427, 0.125], mean FNR",0.09148030416355024,0.06505434916616668
79,0.1156,0.9788,0.9781,0.0153,0.0275,"[0.028423772609819122, 0.03651685393258427, 0.0625, 0.6666666666666666, 0.044444444444444446, 0.0], mean FPR",0.13975862294225241,0.12958266364608959,"[0.103397341211226, 0.09819494584837545, 0.23529411764705882, 0.02631578947368421, 0.0024449877750611247, 0.041666666666666664, 0.16216216216216217, 0.125], mean FNR",0.0993095013480293,0.07836597961791927,0.1275,0.9100,0.9057,0.0758,0.1052,"[0.08074534161490683, 0.13286713286713286, 0.16666666666666666, 0.5, 1.0, 0.08, 0.14285714285714285], mean FPR",0.30044804057226415,0.2246163380282329,"[0.14, 0.13089005235602094, 0.125, 0.0, 0.0, 0.0, 0.21428571428571427, 0.125], mean FNR",0.0918969708302169,0.06560183739222633
80,0.1280,0.9754,0.9752,0.0382,0.0104,"[0.08527131782945736, 0.1544943820224719, 0.125, 0.6666666666666666, 0.044444444444444446, 0.058823529411764705], mean FPR",0.18911672339580085,0.15095687603519028,"[0.0310192023633678, 0.02815884476534296, 0.058823529411764705, 0.0, 0.0024449877750611247, 0.016666666666666666, 0.02702702702702703, 0.08333333333333333], mean FNR",0.03093419891782045,0.025109997226938935,0.1349,0.9057,0.9062,0.1292,0.0570,"[0.2111801242236025, 0.34265734265734266, 0.16666666666666666, 0.5, 1.0, 0.16, 0.5], mean FPR",0.4115005905068017,0.2823420777866451,"[0.05333333333333334, 0.04886561954624782, 0.0, 0.0, 0.0, 0.0, 0.14285714285714285, 0.0], mean FNR",0.0306320119670905,0.047860923668702274
81,0.1176,0.9786,0.9781,0.0197,0.0231,"[0.03875968992248062, 0.05337078651685393, 0.0, 1.0, 0.044444444444444446, 0.0], mean FPR",0.18942915348062983,0.18285717976852464,"[0.08124076809453472, 0.07725631768953069, 0.23529411764705882, 0.013157894736842105, 0.0, 0.041666666666666664, 0.13513513513513514, 0.125], mean FNR",0.08859386249622102,0.07376934000988095,0.1299,0.9075,0.9042,0.0895,0.0958,"[0.08074534161490683, 0.14685314685314685, 0.16666666666666666, 0.5, 1.0, 0.08, 0.21428571428571427], mean FPR",0.31265012420291927,0.22835274116393833,"[0.12333333333333334, 0.12216404886561955, 0.125, 0.0, 0.0, 0.0, 0.21428571428571427, 0.125], mean FNR",0.0887228870605834,0.0647825416916666
82,0.1138,0.9804,0.9798,0.0136,0.0260,"[0.025839793281653745, 0.025280898876404494, 0.0, 0.6666666666666666, 0.022222222222222223, 0.0], mean FPR",0.1233349301744912,0.11881228159841883,"[0.09601181683899557, 0.09097472924187726, 0.23529411764705882, 0.013157894736842105, 0.0024449877750611247, 0.041666666666666664, 0.16216216216216217, 0.125], mean FNR",0.09583904688358297,0.07896139635321142,0.1234,0.9095,0.9052,0.0763,0.1057,"[0.08074534161490683, 0.14685314685314685, 0.16666666666666666, 0.5, 1.0, 0.08, 0.14285714285714285], mean FPR",0.3024460425702662,0.22612510323562818,"[0.13333333333333333, 0.13089005235602094, 0.125, 0.0, 0.0, 0.0, 0.21428571428571427, 0.125], mean FNR",0.09106363749688356,0.0646376824995
83,0.1128,0.9814,0.9808,0.0127,0.0248,"[0.025839793281653745, 0.02247191011235955, 0.0, 0.3333333333333333, 0.022222222222222223, 0.0], mean FPR",0.06731120982492814,0.0630712267848603,"[0.09748892171344166, 0.09025270758122744, 0.23529411764705882, 0.013157894736842105, 0.0024449877750611247, 0.041666666666666664, 0.16216216216216217, 0.125], mean FNR",0.09593343228530749,0.07961035140888449,0.1234,0.9120,0.9079,0.0744,0.1026,"[0.08695652173913043, 0.15384615384615385, 0.16666666666666666, 0.5, 1.0, 0.08, 0.14285714285714285], mean FPR",0.30433235501558487,0.2299683628433735,"[0.14333333333333334, 0.13263525305410123, 0.125, 0.0, 0.0, 0.0, 0.2857142857142857, 0.125], mean FNR",0.10146035901271504,0.07581933337168939
84,0.1135,0.9816,0.9811,0.0134,0.0237,"[0.023255813953488372, 0.02247191011235955, 0.0, 0.0, 0.022222222222222223, 0.0], mean FPR",0.011324991048011691,0.011324991048011691,"[0.0930576070901034, 0.08808664259927798, 0.23529411764705882, 0.013157894736842105, 0.0024449877750611247, 0.041666666666666664, 0.16216216216216217, 0.125], mean FNR",0.09510875983464653,0.07934024861217207,0.1225,0.9118,0.9078,0.0768,0.1005,"[0.08695652173913043, 0.15384615384615385, 0.16666666666666666, 0.5, 1.0, 0.08, 0.14285714285714285], mean FPR",0.30433235501558487,0.22752217889034018,"[0.13666666666666666, 0.12914485165794065, 0.125, 0.0, 0.0, 0.0, 0.2857142857142857, 0.125], mean FNR",0.10019072550486163,0.07507298610140793
85,0.1125,0.9806,0.9800,0.0140,0.0251,"[0.023255813953488372, 0.028089887640449437, 0.0, 0.0, 0.022222222222222223, 0.0], mean FPR",0.012261320636026673,0.012261320636026673,"[0.0915805022156573, 0.08664259927797834, 0.23529411764705882, 0.013157894736842105, 0.0024449877750611247, 0.041666666666666664, 0.16216216216216217, 0.125], mean FNR",0.0947436163101783,0.0783096215029656,0.1291,0.9102,0.9062,0.0773,0.1031,"[0.08074534161490683, 0.14685314685314685, 0.16666666666666666, 0.5, 1.0, 0.08, 0.14285714285714285], mean FPR",0.3024460425702662,0.2251466296544149,"[0.12, 0.12390924956369982, 0.125, 0.0, 0.0, 0.0, 0.2857142857142857, 0.125], mean FNR",0.09745294190974818,0.07168109470932957
86,0.1118,0.9670,0.9655,0.0119,0.0550,"[0.025839793281653745, 0.033707865168539325, 0.0, 0.3333333333333333, 0.022222222222222223, 0.0], mean FPR",0.06918386900095809,0.06522655149689478,"[0.1255539143279173, 0.12707581227436823, 0.2647058823529412, 0.013157894736842105, 0.0024449877750611247, 0.041666666666666664, 0.21621621621621623, 0.20833333333333334], mean FNR",0.12489433846041828,0.09682362374785211,0.1176,0.9006,0.8947,0.0744,0.1261,"[0.06832298136645963, 0.11888111888111888, 0.16666666666666666, 0.5, 1.0, 0.08, 0.21428571428571427], mean FPR",0.30687949731427994,0.23424150822942622,"[0.14, 0.15881326352530542, 0.125, 0.0, 0.0, 0.0, 0.21428571428571427, 0.125], mean FNR",0.09538737222637747,0.06441536804008757
87,0.1066,0.9656,0.9640,0.0117,0.0581,"[0.03359173126614987, 0.03651685393258427, 0.0, 0.6666666666666666, 0.022222222222222223, 0.0], mean FPR",0.12649957901460382,0.12261292789454165,"[0.1255539143279173, 0.13140794223826716, 0.2647058823529412, 0.013157894736842105, 0.0024449877750611247, 0.041666666666666664, 0.1891891891891892, 0.20833333333333334], mean FNR",0.12205747632752725,0.09321036409943313,0.1127,0.8996,0.8933,0.0724,0.1303,"[0.06832298136645963, 0.11888111888111888, 0.16666666666666666, 0.5, 1.0, 0.08, 0.21428571428571427], mean FPR",0.30687949731427994,0.2356393276311595,"[0.14, 0.16579406631762653, 0.125, 0.0, 0.0, 0.0, 0.21428571428571427, 0.125], mean FNR",0.0962599725754176,0.0663345408642716
88,0.1125,0.9698,0.9684,0.0104,0.0510,"[0.031007751937984496, 0.033707865168539325, 0.0, 0.6666666666666666, 0.022222222222222223, 0.0], mean FPR",0.12560075099923546,0.12213809818318005,"[0.11521418020679468, 0.11985559566787003, 0.2647058823529412, 0.013157894736842105, 0.0024449877750611247, 0.041666666666666664, 0.13513513513513514, 0.16666666666666666], mean FNR",0.1073558761509972,0.0802833868155384,0.1160,0.9044,0.8988,0.0709,0.1219,"[0.062111801242236024, 0.11888111888111888, 0.16666666666666666, 0.5, 1.0, 0.08, 0.21428571428571427], mean FPR",0.3059921858679623,0.23757500362877715,"[0.14, 0.15706806282722513, 0.125, 0.0, 0.0, 0.0, 0.2857142857142857, 0.125], mean FNR",0.10409779356768886,0.07361637022912265
89,0.1107,0.9737,0.9726,0.0093,0.0441,"[0.025839793281653745, 0.02247191011235955, 0.0, 0.6666666666666666, 0.022222222222222223, 0.0], mean FPR",0.12286676538048369,0.11975744448443394,"[0.10487444608567208, 0.10758122743682311, 0.23529411764705882, 0.013157894736842105, 0.0024449877750611247, 0.041666666666666664, 0.13513513513513514, 0.16666666666666666], mean FNR",0.1008526427687407,0.07549931936052237,0.1201,0.9064,0.9009,0.0690,0.1198,"[0.06832298136645963, 0.13286713286713286, 0.16666666666666666, 0.5, 1.0, 0.08, 0.21428571428571427], mean FPR",0.308877499312282,0.24008351358219476,"[0.14, 0.1431064572425829, 0.125, 0.0, 0.0, 0.0, 0.2857142857142857, 0.125], mean FNR",0.10235259286960857,0.07239445576861434
90,0.1118,0.9722,0.9711,0.0093,0.0470,"[0.023255813953488372, 0.019662921348314606, 0.0, 0.6666666666666666, 0.022222222222222223, 0.0], mean FPR",0.12196793736511531,0.11885861646906555,"[0.11816838995568685, 0.11768953068592057, 0.2647058823529412, 0.013157894736842105, 0.0024449877750611247, 0.041666666666666664, 0.13513513513513514, 0.20833333333333334], mean FNR",0.11266272758019838,0.08658846362184694,0.1176,0.9054,0.8997,0.0690,0.1219,"[0.062111801242236024, 0.11888111888111888, 0.16666666666666666, 0.5, 1.0, 0.08, 0.14285714285714285], mean FPR",0.2957881042353092,0.22876874139785736,"[0.14333333333333334, 0.15881326352530542, 0.125, 0.0, 0.0, 0.0, 0.2857142857142857, 0.125], mean FNR",0.10473261032161556,0.07425118698304936
91,0.1128,0.9726,0.9714,0.0098,0.0459,"[0.023255813953488372, 0.016853932584269662, 0.0, 0.6666666666666666, 0.022222222222222223, 0.0], mean FPR",0.12149977257110782,0.1182491189070558,"[0.11225997045790251, 0.1148014440433213, 0.2647058823529412, 0.013157894736842105, 0.0024449877750611247, 0.041666666666666664, 0.13513513513513514, 0.20833333333333334], mean FNR",0.11156316431265043,0.08576618518127326,0.1184,0.9054,0.8998,0.0695,0.1214,"[0.062111801242236024, 0.11888111888111888, 0.16666666666666666, 0.5, 1.0, 0.08, 0.14285714285714285], mean FPR",0.2957881042353092,0.22841928654742402,"[0.14333333333333334, 0.15357766143106458, 0.125, 0.0, 0.0, 0.0, 0.2857142857142857, 0.125], mean FNR",0.10407816005983545,0.07372755828066224
92,0.1142,0.9747,0.9738,0.0108,0.0404,"[0.031007751937984496, 0.028089887640449437, 0.0, 0.6666666666666666, 0.022222222222222223, 0.0], mean FPR",0.12466442141122047,0.12106043582716279,"[0.103397341211226, 0.10758122743682311, 0.23529411764705882, 0.013157894736842105, 0.0024449877750611247, 0.041666666666666664, 0.13513513513513514, 0.16666666666666666], mean FNR",0.10066800465943496,0.07658094862773243,0.1242,0.9070,0.9019,0.0729,0.1146,"[0.07453416149068323, 0.13986013986013987, 0.16666666666666666, 0.5, 1.0, 0.08, 0.21428571428571427], mean FPR",0.31076381175760065,0.23786752995720914,"[0.14, 0.14485165794066318, 0.125, 0.0, 0.0, 0.0, 0.2857142857142857, 0.125], mean FNR",0.1025707429568686,0.07392082144980425
93,0.1104,0.9772,0.9764,0.0098,0.0364,"[0.020671834625323, 0.014044943820224719, 0.0, 0.6666666666666666, 0.022222222222222223, 0.0], mean FPR",0.12060094455573943,0.11735029089168741,"[0.10044313146233383, 0.1111913357400722, 0.23529411764705882, 0.013157894736842105, 0.0024449877750611247, 0.041666666666666664, 0.16216216216216217, 0.16666666666666666], mean FNR",0.10412837035710794,0.08203776507962017,0.1225,0.9085,0.9033,0.0690,0.1156,"[0.07453416149068323, 0.13286713286713286, 0.16666666666666666, 0.5, 1.0, 0.08, 0.14285714285714285], mean FPR",0.2995607291259465,0.23057834165040836,"[0.16333333333333333, 0.1518324607329843, 0.125, 0.0, 0.0, 0.0, 0.2857142857142857, 0.125], mean FNR",0.10636000997257541,0.07744844534672507
94,0.1142,0.9785,0.9778,0.0087,0.0348,"[0.01808785529715762, 0.019662921348314606, 0.0, 0.6666666666666666, 0.022222222222222223, 0.0], mean FPR",0.12110661092239351,0.11820928917834715,"[0.10782865583456426, 0.10902527075812274, 0.23529411764705882, 0.013157894736842105, 0.0024449877750611247, 0.041666666666666664, 0.16216216216216217, 0.125], mean FNR",0.09957246944755974,0.0782582616855999,0.1291,0.9110,0.9057,0.0641,0.1156,"[0.06832298136645963, 0.13986013986013987, 0.0, 0.5, 1.0, 0.04, 0.07142857142857142], mean FPR",0.2599445275221673,0.22104880484953657,"[0.16333333333333333, 0.14485165794066318, 0.125, 0.0, 0.0, 0.0, 0.2857142857142857, 0.125], mean FNR",0.10548740962353528,0.07657584499768494
95,0.1142,0.9792,0.9784,0.0089,0.0333,"[0.020671834625323, 0.02247191011235955, 0.0, 0.6666666666666666, 0.022222222222222223, 0.0], mean FPR",0.1220054389377619,0.1190374508097144,"[0.10782865583456426, 0.10685920577617329, 0.23529411764705882, 0.013157894736842105, 0.0024449877750611247, 0.041666666666666664, 0.16216216216216217, 0.125], mean FNR",0.09930171132481605,0.07876390107838416,0.1266,0.9110,0.9058,0.0651,0.1146,"[0.062111801242236024, 0.13286713286713286, 0.0, 0.5, 1.0, 0.04, 0.0], mean FPR",0.24785413344419555,0.22797483211079733,"[0.16, 0.14485165794066318, 0.125, 0.0, 0.0, 0.0, 0.2857142857142857, 0.125], mean FNR",0.1050707429568686,0.07642082144980425
96,0.1128,0.9801,0.9794,0.0091,0.0313,"[0.020671834625323, 0.02247191011235955, 0.0, 0.6666666666666666, 0.022222222222222223, 0.0], mean FPR",0.1220054389377619,0.11896678442571329,"[0.10635155096011817, 0.10613718411552346, 0.23529411764705882, 0.013157894736842105, 0.0024449877750611247, 0.041666666666666664, 0.16216216216216217, 0.125], mean FNR",0.09902682050792906,0.07948723563860453,0.1250,0.9110,0.9058,0.0656,0.1141,"[0.062111801242236024, 0.13286713286713286, 0.0, 0.5, 1.0, 0.04, 0.0], mean FPR",0.24785413344419555,0.22804472308088403,"[0.15666666666666668, 0.14136125654450263, 0.125, 0.0, 0.0, 0.0, 0.2857142857142857, 0.125], mean FNR",0.10421777611568188,0.0756986761680105
97,0.1121,0.9801,0.9794,0.0093,0.0311,"[0.020671834625323, 0.02247191011235955, 0.0, 0.6666666666666666, 0.022222222222222223, 0.0], mean FPR",0.1220054389377619,0.11889611804171214,"[0.10487444608567208, 0.10397111913357401, 0.23529411764705882, 0.013157894736842105, 0.0024449877750611247, 0.041666666666666664, 0.16216216216216217, 0.125], mean FNR",0.09857142427587962,0.0791427533373448,0.1258,0.9107,0.9056,0.0660,0.1141,"[0.062111801242236024, 0.13286713286713286, 0.16666666666666666, 0.5, 1.0, 0.04, 0.07142857142857142], mean FPR",0.28186773888637245,0.2243870956463486,"[0.15666666666666668, 0.14136125654450263, 0.125, 0.0, 0.0, 0.0, 0.2857142857142857, 0.125], mean FNR",0.10421777611568188,0.0756986761680105
98,0.1125,0.9801,0.9794,0.0093,0.0311,"[0.020671834625323, 0.02247191011235955, 0.0, 0.6666666666666666, 0.022222222222222223, 0.0], mean FPR",0.1220054389377619,0.11889611804171214,"[0.103397341211226, 0.10252707581227437, 0.23529411764705882, 0.013157894736842105, 0.0024449877750611247, 0.041666666666666664, 0.16216216216216217, 0.125], mean FNR",0.09820628075141141,0.0787776098128766,0.1250,0.9110,0.9059,0.0665,0.1130,"[0.06832298136645963, 0.13986013986013987, 0.16666666666666666, 0.5, 1.0, 0.04, 0.14285714285714285], mean FPR",0.2939581329643442,0.23500370187684066,"[0.15333333333333332, 0.14136125654450263, 0.125, 0.0, 0.0, 0.0, 0.2857142857142857, 0.125], mean FNR",0.1038011094490152,0.0755436526201298
99,0.1131,0.9797,0.9790,0.0100,0.0311,"[0.020671834625323, 0.02247191011235955, 0.0, 0.6666666666666666, 0.022222222222222223, 0.0], mean FPR",0.1220054389377619,0.11868411888970876,"[0.103397341211226, 0.10180505415162455, 0.23529411764705882, 0.013157894736842105, 0.0024449877750611247, 0.041666666666666664, 0.16216216216216217, 0.125], mean FNR",0.09811602804383018,0.07868735710529537,0.1242,0.9110,0.9059,0.0665,0.1130,"[0.06832298136645963, 0.13986013986013987, 0.16666666666666666, 0.5, 1.0, 0.04, 0.14285714285714285], mean FPR",0.2939581329643442,0.23500370187684066,"[0.15333333333333332, 0.14136125654450263, 0.125, 0.0, 0.0, 0.0, 0.2857142857142857, 0.125], mean FNR",0.1038011094490152,0.0755436526201298
100,0.1173,0.9782,0.9776,0.0182,0.0255,"[0.03617571059431524, 0.042134831460674156, 0.0, 1.0, 0.022222222222222223, 0.0], mean FPR",0.18342212737953525,0.17734481835543803,"[0.08567208271787297, 0.08014440433212996, 0.23529411764705882, 0.013157894736842105, 0.0, 0.041666666666666664, 0.13513513513513514, 0.125], mean FNR",0.08950878765446321,0.07346421192943636,0.1242,0.9080,0.9042,0.0837,0.1010,"[0.08695652173913043, 0.15384615384615385, 0.16666666666666666, 0.5, 1.0, 0.08, 0.21428571428571427], mean FPR",0.31453643664823794,0.23192251436699665,"[0.11333333333333333, 0.11867364746945899, 0.125, 0.0, 0.0, 0.0, 0.21428571428571427, 0.125], mean FNR",0.08703658688606333,0.06178802592321665
101,0.1183,0.9777,0.9772,0.0229,0.0217,"[0.04392764857881137, 0.056179775280898875, 0.0, 1.0, 0.022222222222222223, 0.0], mean FPR",0.18705494101365538,0.17964753360624797,"[0.08124076809453472, 0.07292418772563176, 0.23529411764705882, 0.013157894736842105, 0.0, 0.041666666666666664, 0.10810810810810811, 0.125], mean FNR",0.08467396787235527,0.07051492897075344,0.1316,0.9080,0.9050,0.0915,0.0926,"[0.09937888198757763, 0.16783216783216784, 0.16666666666666666, 0.5, 1.0, 0.08, 0.21428571428571427], mean FPR",0.3183090615388752,0.23010386165070076,"[0.11333333333333333, 0.1169284467713787, 0.125, 0.0, 0.0, 0.0, 0.21428571428571427, 0.125], mean FNR",0.0868184367988033,0.06366302078624442
102,0.1207,0.9754,0.9749,0.0286,0.0204,"[0.05426356589147287, 0.07303370786516854, 0.0, 1.0, 0.044444444444444446, 0.0], mean FPR",0.19529028636684764,0.18575032452669502,"[0.07533234859675036, 0.06714801444043321, 0.23529411764705882, 0.013157894736842105, 0.0, 0.041666666666666664, 0.08108108108108109, 0.08333333333333333], mean FNR",0.07462668206277069,0.06113312674590712,0.1340,0.9037,0.9011,0.1003,0.0921,"[0.09937888198757763, 0.17482517482517482, 0.16666666666666666, 0.5, 1.0, 0.08, 0.21428571428571427], mean FPR",0.3193080625378762,0.22507400679526945,"[0.11, 0.11169284467713787, 0.125, 0.0, 0.0, 0.0, 0.21428571428571427, 0.125], mean FNR",0.08574731987035653,0.06272272541719064
103,0.1142,0.9819,0.9815,0.0189,0.0173,"[0.041343669250646, 0.0702247191011236, 0.0, 0.6666666666666666, 0.022222222222222223, 0.0], mean FPR",0.13340954620677642,0.1271202380306758,"[0.06351550960118169, 0.05703971119133574, 0.14705882352941177, 0.0, 0.0024449877750611247, 0.03333333333333333, 0.05405405405405406, 0.08333333333333333], mean FNR",0.05509746910221388,0.04583493555685143,0.1266,0.9107,0.9084,0.0944,0.0837,"[0.12422360248447205, 0.20279720279720279, 0.16666666666666666, 0.5, 1.0, 0.08, 0.21428571428571427], mean FPR",0.3268533123191508,0.2365513833283764,"[0.1, 0.0924956369982548, 0.125, 0.0, 0.0, 0.0, 0.2857142857142857, 0.125], mean FNR",0.09102624033906756,0.0700947908361895
104,0.1225,0.9782,0.9777,0.0199,0.0237,"[0.041343669250646, 0.05056179775280899, 0.0, 1.0, 0.022222222222222223, 0.0], mean FPR",0.1856879482042795,0.1790453081081733,"[0.0723781388478582, 0.06931407942238267, 0.17647058823529413, 0.013157894736842105, 0.0024449877750611247, 0.041666666666666664, 0.10810810810810811, 0.08333333333333333], mean FNR",0.07085922464069329,0.05509071341821881,0.1291,0.9052,0.9022,0.0949,0.0947,"[0.09937888198757763, 0.17482517482517482, 0.16666666666666666, 0.5, 1.0, 0.08, 0.21428571428571427], mean FPR",0.3193080625378762,0.22865667869666845,"[0.1, 0.10645724258289703, 0.125, 0.0, 0.0, 0.0, 0.21428571428571427, 0.125], mean FNR",0.08384286960857643,0.0601641673584456
105,0.1252,0.9726,0.9719,0.0257,0.0293,"[0.04909560723514212, 0.05898876404494382, 0.0, 1.0, 0.022222222222222223, 0.0], mean FPR",0.18838443225038468,0.18097702484297729,"[0.06942392909896603, 0.07509025270758123, 0.14705882352941177, 0.013157894736842105, 0.0, 0.041666666666666664, 0.10810810810810811, 0.08333333333333333], mean FNR",0.06722987602261365,0.049299763474161776,0.1357,0.9004,0.8974,0.1013,0.0979,"[0.09937888198757763, 0.18181818181818182, 0.16666666666666666, 0.5, 1.0, 0.08, 0.21428571428571427], mean FPR",0.3203070635368772,0.22565366197375042,"[0.10666666666666667, 0.11169284467713787, 0.125, 0.0, 0.0, 0.0, 0.21428571428571427, 0.125], mean FNR",0.08533065320368985,0.06086702159720111
106,0.1290,0.9736,0.9730,0.0267,0.0262,"[0.046511627906976744, 0.06179775280898876, 0.0, 1.0, 0.044444444444444446, 0.0], mean FPR",0.19212563752673498,0.1832216731425925,"[0.06499261447562776, 0.0664259927797834, 0.14705882352941177, 0.013157894736842105, 0.0024449877750611247, 0.041666666666666664, 0.10810810810810811, 0.08333333333333333], mean FNR",0.06589855267560428,0.048909988214443034,0.1447,0.8994,0.8967,0.1052,0.0958,"[0.11180124223602485, 0.20279720279720279, 0.16666666666666666, 0.5, 1.0, 0.08, 0.21428571428571427], mean FPR",0.3250786894265155,0.227088753726208,"[0.09666666666666666, 0.1012216404886562, 0.125, 0.0, 0.0, 0.0, 0.21428571428571427, 0.125], mean FNR",0.08277175268012965,0.05883140731121285
107,0.1200,0.9803,0.9797,0.0151,0.0246,"[0.028423772609819122, 0.03651685393258427, 0.0, 0.0, 0.022222222222222223, 0.0], mean FPR",0.014527141460770936,0.014527141460770936,"[0.06942392909896603, 0.07220216606498195, 0.17647058823529413, 0.013157894736842105, 0.0024449877750611247, 0.041666666666666664, 0.10810810810810811, 0.08333333333333333], mean FNR",0.07085095925240668,0.05463879230677337,0.1316,0.9087,0.9054,0.0866,0.0963,"[0.09937888198757763, 0.17482517482517482, 0.16666666666666666, 0.5, 1.0, 0.08, 0.21428571428571427], mean FPR",0.3193080625378762,0.23459741115403498,"[0.10666666666666667, 0.1099476439790576, 0.125, 0.0, 0.0, 0.0, 0.2857142857142857, 0.125], mean FNR",0.09404107454500124,0.06996990761669146
108,0.1190,0.9788,0.9782,0.0191,0.0235,"[0.031007751937984496, 0.03932584269662921, 0.0, 0.3333333333333333, 0.022222222222222223, 0.0], mean FPR",0.07098152503169487,0.06462155047159311,"[0.06942392909896603, 0.06787003610108304, 0.17647058823529413, 0.013157894736842105, 0.0024449877750611247, 0.041666666666666664, 0.10810810810810811, 0.08333333333333333], mean FNR",0.07030944300691931,0.05465184571523454,0.1308,0.9070,0.9037,0.0900,0.0963,"[0.09937888198757763, 0.16783216783216784, 0.16666666666666666, 0.5, 1.0, 0.08, 0.21428571428571427], mean FPR",0.3183090615388752,0.23115222620200074,"[0.1, 0.10471204188481675, 0.125, 0.0, 0.0, 0.0, 0.21428571428571427, 0.125], mean FNR",0.08362471952131638,0.0595535525930066
109,0.1390,0.9717,0.9710,0.0248,0.0319,"[0.031007751937984496, 0.0449438202247191, 0.0, 0.3333333333333333, 0.044444444444444446, 0.0], mean FPR",0.07562155832341357,0.06735359139528127,"[0.07680945347119646, 0.07509025270758123, 0.29411764705882354, 0.013157894736842105, 0.0024449877750611247, 0.058333333333333334, 0.13513513513513514, 0.08333333333333333], mean FNR",0.09230275469391327,0.07243042803221963,0.1530,0.8986,0.8952,0.0988,0.1041,"[0.09937888198757763, 0.18181818181818182, 0.16666666666666666, 0.5, 1.0, 0.08, 0.21428571428571427], mean FPR",0.3203070635368772,0.22686004089220294,"[0.14333333333333334, 0.11518324607329843, 0.125, 0.0, 0.012903225806451613, 0.0, 0.35714285714285715, 0.375], mean FNR",0.14107033279449258,0.11181103602367506
110,0.1542,0.9585,0.9564,0.0170,0.0672,"[0.020671834625323, 0.03651685393258427, 0.0, 0.3333333333333333, 0.0, 0.0], mean FPR",0.0650870036485401,0.0650870036485401,"[0.12998522895125553, 0.11624548736462094, 0.4117647058823529, 0.013157894736842105, 0.014669926650366748, 0.075, 0.2972972972972973, 0.3333333333333333], mean FNR",0.1739317342770086,0.1333678579009251,0.1735,0.8910,0.8839,0.0783,0.1418,"[0.07453416149068323, 0.13986013986013987, 0.16666666666666666, 0.5, 0.0, 0.04, 0.21428571428571427], mean FPR",0.16219238318617202,0.11828578183211043,"[0.19333333333333333, 0.1431064572425829, 0.375, 0.06451612903225806, 0.03225806451612903, 0.02564102564102564, 0.35714285714285715, 0.375], mean FNR",0.19574973336352325,0.12969328597067034
111,0.1359,0.9716,0.9705,0.0134,0.0441,"[0.020671834625323, 0.03651685393258427, 0.0, 0.0, 0.0, 0.0], mean FPR",0.009531448092984543,0.013983430285055776,"[0.09748892171344166, 0.09314079422382672, 0.29411764705882354, 0.013157894736842105, 0.0024449877750611247, 0.058333333333333334, 0.21621621621621623, 0.16666666666666666], mean FNR",0.11769580771552642,0.09172321486039889,0.1439,0.9027,0.8978,0.0807,0.1151,"[0.08695652173913043, 0.16083916083916083, 0.16666666666666666, 0.5, 1.0, 0.08, 0.21428571428571427], mean FPR",0.3155354376472389,0.2350182444685976,"[0.16333333333333333, 0.13263525305410123, 0.25, 0.0, 0.0064516129032258064, 0.0, 0.42857142857142855, 0.375], mean FNR",0.16949895348276112,0.1391053071904973
112,0.1331,0.9746,0.9738,0.0165,0.0346,"[0.023255813953488372, 0.03932584269662921, 0.0, 0.0, 0.0, 0.0], mean FPR",0.010430276108352931,0.015942254060441124,"[0.08124076809453472, 0.07581227436823104, 0.20588235294117646, 0.013157894736842105, 0.0024449877750611247, 0.05, 0.1891891891891892, 0.125], mean FNR",0.09284093338812932,0.0716376395569592,0.1439,0.9059,0.9022,0.0861,0.1026,"[0.11180124223602485, 0.16783216783216784, 0.16666666666666666, 0.5, 1.0, 0.08, 0.21428571428571427], mean FPR",0.32008368443151053,0.2357224878981026,"[0.14, 0.12041884816753927, 0.125, 0.0, 0.0, 0.0, 0.2857142857142857, 0.125], mean FNR",0.09951664173522812,0.07387561609420248
113,0.1307,0.9742,0.9736,0.0240,0.0277,"[0.03359173126614987, 0.05056179775280899, 0.0, 0.3333333333333333, 0.022222222222222223, 0.0], mean FPR",0.07328484742908573,0.06587744002167832,"[0.0620384047267356, 0.0592057761732852, 0.20588235294117646, 0.013157894736842105, 0.0024449877750611247, 0.05, 0.10810810810810811, 0.125], mean FNR",0.07822969055765108,0.06046472858096187,0.1480,0.9009,0.8983,0.1042,0.0937,"[0.12422360248447205, 0.18181818181818182, 0.16666666666666666, 0.5, 1.0, 0.08, 0.21428571428571427], mean FPR",0.3238563093221479,0.22656528332270698,"[0.12, 0.1082024432809773, 0.0625, 0.0, 0.0, 0.0, 0.2857142857142857, 0.125], mean FNR",0.08767709112440787,0.07205209112440787
114,0.1300,0.9728,0.9723,0.0303,0.0240,"[0.03359173126614987, 0.056179775280898875, 0.0, 0.3333333333333333, 0.022222222222222223, 0.0], mean FPR",0.07422117701710071,0.0668137696096933,"[0.05760709010339734, 0.053429602888086646, 0.17647058823529413, 0.013157894736842105, 0.0024449877750611247, 0.05, 0.10810810810810811, 0.08333333333333333], mean FNR",0.06806895064751535,0.05218952549425117,0.1464,0.8984,0.8966,0.1145,0.0879,"[0.13664596273291926, 0.20279720279720279, 0.16666666666666666, 0.5, 1.0, 0.12, 0.2857142857142857], mean FPR",0.3445463025587249,0.23006489355676799,"[0.10333333333333333, 0.09947643979057591, 0.0625, 0.0, 0.0, 0.0, 0.21428571428571427, 0.0], mean FNR",0.05994943592620294,0.06630245790422493
115,0.1304,0.9749,0.9744,0.0280,0.0222,"[0.031007751937984496, 0.05337078651685393, 0.0, 0.3333333333333333, 0.022222222222222223, 0.0], mean FPR",0.07332234900173232,0.06591494159432491,"[0.05465288035450517, 0.054873646209386284, 0.17647058823529413, 0.013157894736842105, 0.0024449877750611247, 0.041666666666666664, 0.10810810810810811, 0.08333333333333333], mean FNR",0.06683851317739961,0.051846399470453094,0.1423,0.9001,0.8983,0.1120,0.0869,"[0.13664596273291926, 0.1958041958041958, 0.16666666666666666, 0.5, 1.0, 0.12, 0.2857142857142857], mean FPR",0.3435473015597239,0.23151207651080022,"[0.09666666666666666, 0.09598603839441536, 0.0625, 0.0, 0.0, 0.0, 0.2857142857142857, 0.125], mean FNR",0.08323337384692096,0.06760837384692096
116,0.1273,0.9763,0.9758,0.0261,0.0213,"[0.03359173126614987, 0.05056179775280899, 0.0, 0.3333333333333333, 0.022222222222222223, 0.0], mean FPR",0.07328484742908573,0.06587744002167832,"[0.05465288035450517, 0.05415162454873646, 0.17647058823529413, 0.013157894736842105, 0.0024449877750611247, 0.041666666666666664, 0.10810810810810811, 0.08333333333333333], mean FNR",0.06674826046981838,0.05219980248603069,0.1431,0.9019,0.8999,0.1086,0.0869,"[0.14285714285714285, 0.1958041958041958, 0.16666666666666666, 0.5, 1.0, 0.12, 0.2857142857142857], mean FPR",0.34443461300604156,0.2358240454913645,"[0.09333333333333334, 0.09773123909249563, 0.0625, 0.0, 0.0, 0.0, 0.2857142857142857, 0.125], mean FNR",0.08303485726751433,0.06740985726751433
117,0.1266,0.9757,0.9753,0.0276,0.0209,"[0.03617571059431524, 0.05056179775280899, 0.0, 0.6666666666666666, 0.022222222222222223, 0.0], mean FPR",0.12927106620600218,0.12186365879859477,"[0.053175775480059084, 0.05198555956678701, 0.17647058823529413, 0.013157894736842105, 0.0024449877750611247, 0.041666666666666664, 0.10810810810810811, 0.08333333333333333], mean FNR",0.06629286423776895,0.051966234115560665,0.1423,0.9009,0.8992,0.1120,0.0853,"[0.14285714285714285, 0.20279720279720279, 0.16666666666666666, 0.5, 1.0, 0.12, 0.2857142857142857], mean FPR",0.3454336140050426,0.23339838895611886,"[0.09333333333333334, 0.0924956369982548, 0.0625, 0.0, 0.0, 0.0, 0.2857142857142857, 0.0], mean FNR",0.06675540700573424,0.07245432118679127
118,0.1249,0.9760,0.9756,0.0263,0.0215,"[0.03617571059431524, 0.05056179775280899, 0.0, 0.6666666666666666, 0.022222222222222223, 0.0], mean FPR",0.12927106620600218,0.12186365879859477,"[0.05465288035450517, 0.05415162454873646, 0.17647058823529413, 0.013157894736842105, 0.0024449877750611247, 0.041666666666666664, 0.10810810810810811, 0.08333333333333333], mean FNR",0.06674826046981838,0.05208888855524098,0.1464,0.9016,0.8997,0.1086,0.0874,"[0.13043478260869565, 0.1958041958041958, 0.16666666666666666, 0.5, 1.0, 0.12, 0.2857142857142857], mean FPR",0.34265999011340625,0.23404942259872916,"[0.1, 0.09773123909249563, 0.0625, 0.0, 0.0, 0.0, 0.2857142857142857, 0.125], mean FNR",0.08386819060084766,0.06824319060084766
119,0.1238,0.9764,0.9759,0.0244,0.0228,"[0.031007751937984496, 0.047752808988764044, 0.0, 0.6666666666666666, 0.022222222222222223, 0.0], mean FPR",0.12794157496927291,0.12053416756186548,"[0.05760709010339734, 0.05703971119133574, 0.17647058823529413, 0.013157894736842105, 0.0024449877750611247, 0.041666666666666664, 0.10810810810810811, 0.08333333333333333], mean FNR",0.06747854751875482,0.052153692019439174,0.1414,0.9029,0.9007,0.1047,0.0890,"[0.12422360248447205, 0.18181818181818182, 0.16666666666666666, 0.5, 1.0, 0.08, 0.21428571428571427], mean FPR",0.3238563093221479,0.22621582847227367,"[0.10333333333333333, 0.09773123909249563, 0.0625, 0.0, 0.0, 0.0, 0.2857142857142857, 0.125], mean FNR",0.08428485726751433,0.06865985726751433
